            * test circuit with dff instantiation - simulation ready
            Transient Analysis  Sat Feb 28 18:58:52  2026
--------------------------------------------------------------------------------
Index   time            v(d_in)         v(clk_in)       v(q1)           
--------------------------------------------------------------------------------
0	0.000000e+00	0.000000e+00	0.000000e+00	1.800000e+00	
1	1.000000e-12	1.800000e-03	1.800000e-03	1.800000e+00	
2	2.000000e-12	3.600000e-03	3.600000e-03	1.800000e+00	
3	4.000000e-12	7.200000e-03	7.200000e-03	1.800000e+00	
4	8.000000e-12	1.440000e-02	1.440000e-02	1.800000e+00	
5	1.600000e-11	2.880000e-02	2.880000e-02	1.800000e+00	
6	3.200000e-11	5.760000e-02	5.760000e-02	1.800000e+00	
7	6.400000e-11	1.152000e-01	1.152000e-01	1.800000e+00	
8	1.280000e-10	2.304000e-01	2.304000e-01	1.800000e+00	
9	2.280000e-10	4.104000e-01	4.104000e-01	1.800000e+00	
10	3.280000e-10	5.904000e-01	5.904000e-01	1.800000e+00	
11	4.280000e-10	7.704000e-01	7.704000e-01	1.776615e+00	
12	5.280000e-10	9.504000e-01	9.504000e-01	1.882403e-02	
13	6.280000e-10	1.130400e+00	1.130400e+00	2.437193e-08	
14	7.280000e-10	1.310400e+00	1.310400e+00	1.921133e-08	
15	8.280000e-10	1.490400e+00	1.490400e+00	1.639764e-08	
16	9.140000e-10	1.645200e+00	1.645200e+00	1.483497e-08	
17	1.000000e-09	1.800000e+00	1.800000e+00	1.371212e-08	
18	1.010000e-09	1.800000e+00	1.800000e+00	1.371002e-08	
19	1.030000e-09	1.800000e+00	1.800000e+00	1.371212e-08	
20	1.070000e-09	1.800000e+00	1.800000e+00	1.371212e-08	
21	1.150000e-09	1.800000e+00	1.800000e+00	1.371212e-08	
22	1.250000e-09	1.800000e+00	1.800000e+00	1.371212e-08	
23	1.350000e-09	1.800000e+00	1.800000e+00	1.371212e-08	
24	1.450000e-09	1.800000e+00	1.800000e+00	1.371212e-08	
25	1.550000e-09	1.800000e+00	1.800000e+00	1.371212e-08	
26	1.650000e-09	1.800000e+00	1.800000e+00	1.371212e-08	
27	1.750000e-09	1.800000e+00	1.800000e+00	1.371212e-08	
28	1.850000e-09	1.800000e+00	1.800000e+00	1.371212e-08	
29	1.950000e-09	1.800000e+00	1.800000e+00	1.371212e-08	
30	2.050000e-09	1.800000e+00	1.800000e+00	1.371212e-08	
31	2.150000e-09	1.800000e+00	1.800000e+00	1.371212e-08	
32	2.250000e-09	1.800000e+00	1.800000e+00	1.371212e-08	
33	2.350000e-09	1.800000e+00	1.800000e+00	1.371212e-08	
34	2.450000e-09	1.800000e+00	1.800000e+00	1.371212e-08	
35	2.550000e-09	1.800000e+00	1.800000e+00	1.371212e-08	
36	2.650000e-09	1.800000e+00	1.800000e+00	1.371212e-08	
37	2.750000e-09	1.800000e+00	1.800000e+00	1.371212e-08	
38	2.850000e-09	1.800000e+00	1.800000e+00	1.371212e-08	
39	2.950000e-09	1.800000e+00	1.800000e+00	1.371212e-08	
40	3.050000e-09	1.800000e+00	1.800000e+00	1.371212e-08	
41	3.150000e-09	1.800000e+00	1.800000e+00	1.371212e-08	
42	3.250000e-09	1.800000e+00	1.800000e+00	1.371212e-08	
43	3.350000e-09	1.800000e+00	1.800000e+00	1.371212e-08	
44	3.450000e-09	1.800000e+00	1.800000e+00	1.371212e-08	
45	3.550000e-09	1.800000e+00	1.800000e+00	1.371212e-08	
46	3.650000e-09	1.800000e+00	1.800000e+00	1.371212e-08	
47	3.750000e-09	1.800000e+00	1.800000e+00	1.371212e-08	
48	3.850000e-09	1.800000e+00	1.800000e+00	1.371212e-08	
49	3.950000e-09	1.800000e+00	1.800000e+00	1.371212e-08	
50	4.050000e-09	1.800000e+00	1.800000e+00	1.371212e-08	
51	4.150000e-09	1.800000e+00	1.800000e+00	1.371212e-08	
52	4.250000e-09	1.800000e+00	1.800000e+00	1.371212e-08	
53	4.350000e-09	1.800000e+00	1.800000e+00	1.371212e-08	
54	4.450000e-09	1.800000e+00	1.800000e+00	1.371212e-08	

Index   time            v(d_in)         v(clk_in)       v(q1)           
--------------------------------------------------------------------------------
55	4.550000e-09	1.800000e+00	1.800000e+00	1.371212e-08	
56	4.650000e-09	1.800000e+00	1.800000e+00	1.371212e-08	
57	4.750000e-09	1.800000e+00	1.800000e+00	1.371212e-08	
58	4.850000e-09	1.800000e+00	1.800000e+00	1.371212e-08	
59	4.950000e-09	1.800000e+00	1.800000e+00	1.371212e-08	
60	5.050000e-09	1.800000e+00	1.800000e+00	1.371212e-08	
61	5.150000e-09	1.800000e+00	1.800000e+00	1.371212e-08	
62	5.250000e-09	1.800000e+00	1.800000e+00	1.371212e-08	
63	5.350000e-09	1.800000e+00	1.800000e+00	1.371212e-08	
64	5.450000e-09	1.800000e+00	1.800000e+00	1.371212e-08	
65	5.550000e-09	1.800000e+00	1.800000e+00	1.371212e-08	
66	5.650000e-09	1.800000e+00	1.800000e+00	1.371212e-08	
67	5.750000e-09	1.800000e+00	1.800000e+00	1.371212e-08	
68	5.850000e-09	1.800000e+00	1.800000e+00	1.371212e-08	
69	5.925000e-09	1.800000e+00	1.800000e+00	1.371212e-08	
70	6.000000e-09	1.800000e+00	1.800000e+00	1.371212e-08	
71	6.010000e-09	1.800000e+00	1.782000e+00	1.382431e-08	
72	6.030000e-09	1.800000e+00	1.746000e+00	1.406607e-08	
73	6.070000e-09	1.800000e+00	1.674000e+00	1.459904e-08	
74	6.150000e-09	1.800000e+00	1.530000e+00	1.594241e-08	
75	6.250000e-09	1.800000e+00	1.350000e+00	1.845862e-08	
76	6.350000e-09	1.800000e+00	1.170000e+00	2.290216e-08	
77	6.450000e-09	1.800000e+00	9.900000e-01	8.889026e-03	
78	6.550000e-09	1.800000e+00	8.100000e-01	1.728632e+00	
79	6.650000e-09	1.800000e+00	6.300000e-01	1.800000e+00	
80	6.750000e-09	1.800000e+00	4.500000e-01	1.800000e+00	
81	6.850000e-09	1.800000e+00	2.700000e-01	1.800000e+00	
82	6.925000e-09	1.800000e+00	1.350000e-01	1.800000e+00	
83	7.000000e-09	1.800000e+00	0.000000e+00	1.800000e+00	
84	7.010000e-09	1.800000e+00	0.000000e+00	1.800000e+00	
85	7.030000e-09	1.800000e+00	0.000000e+00	1.800000e+00	
86	7.070000e-09	1.800000e+00	0.000000e+00	1.800000e+00	
87	7.150000e-09	1.800000e+00	0.000000e+00	1.800000e+00	
88	7.250000e-09	1.800000e+00	0.000000e+00	1.800000e+00	
89	7.350000e-09	1.800000e+00	0.000000e+00	1.800000e+00	
90	7.450000e-09	1.800000e+00	0.000000e+00	1.800000e+00	
91	7.550000e-09	1.800000e+00	0.000000e+00	1.800000e+00	
92	7.650000e-09	1.800000e+00	0.000000e+00	1.800000e+00	
93	7.750000e-09	1.800000e+00	0.000000e+00	1.800000e+00	
94	7.850000e-09	1.800000e+00	0.000000e+00	1.800000e+00	
95	7.950000e-09	1.800000e+00	0.000000e+00	1.800000e+00	
96	8.050000e-09	1.800000e+00	0.000000e+00	1.800000e+00	
97	8.150000e-09	1.800000e+00	0.000000e+00	1.800000e+00	
98	8.250000e-09	1.800000e+00	0.000000e+00	1.800000e+00	
99	8.350000e-09	1.800000e+00	0.000000e+00	1.800000e+00	
100	8.450000e-09	1.800000e+00	0.000000e+00	1.800000e+00	
101	8.550000e-09	1.800000e+00	0.000000e+00	1.800000e+00	
102	8.650000e-09	1.800000e+00	0.000000e+00	1.800000e+00	
103	8.750000e-09	1.800000e+00	0.000000e+00	1.800000e+00	
104	8.850000e-09	1.800000e+00	0.000000e+00	1.800000e+00	
105	8.950000e-09	1.800000e+00	0.000000e+00	1.800000e+00	
106	9.050000e-09	1.800000e+00	0.000000e+00	1.800000e+00	
107	9.150000e-09	1.800000e+00	0.000000e+00	1.800000e+00	
108	9.250000e-09	1.800000e+00	0.000000e+00	1.800000e+00	
109	9.350000e-09	1.800000e+00	0.000000e+00	1.800000e+00	
110	9.450000e-09	1.800000e+00	0.000000e+00	1.800000e+00	
111	9.550000e-09	1.800000e+00	0.000000e+00	1.800000e+00	
112	9.650000e-09	1.800000e+00	0.000000e+00	1.800000e+00	

Index   time            v(d_in)         v(clk_in)       v(q1)           
--------------------------------------------------------------------------------
113	9.750000e-09	1.800000e+00	0.000000e+00	1.800000e+00	
114	9.850000e-09	1.800000e+00	0.000000e+00	1.800000e+00	
115	9.925000e-09	1.800000e+00	0.000000e+00	1.800000e+00	
116	1.000000e-08	1.800000e+00	0.000000e+00	1.800000e+00	
117	1.001000e-08	1.800000e+00	1.800000e-02	1.800000e+00	
118	1.003000e-08	1.800000e+00	5.400000e-02	1.800000e+00	
119	1.007000e-08	1.800000e+00	1.260000e-01	1.800000e+00	
120	1.015000e-08	1.800000e+00	2.700000e-01	1.800000e+00	
121	1.025000e-08	1.800000e+00	4.500000e-01	1.800000e+00	
122	1.035000e-08	1.800000e+00	6.300000e-01	1.800000e+00	
123	1.045000e-08	1.800000e+00	8.100000e-01	1.800000e+00	
124	1.055000e-08	1.800000e+00	9.900000e-01	8.889041e-03	
125	1.065000e-08	1.800000e+00	1.170000e+00	2.290216e-08	
126	1.075000e-08	1.800000e+00	1.350000e+00	1.371932e-08	
127	1.085000e-08	1.800000e+00	1.530000e+00	1.594241e-08	
128	1.092500e-08	1.800000e+00	1.665000e+00	1.467126e-08	
129	1.100000e-08	1.800000e+00	1.800000e+00	1.371212e-08	
130	1.101000e-08	1.782000e+00	1.800000e+00	1.371006e-08	
131	1.103000e-08	1.746000e+00	1.800000e+00	1.371212e-08	
132	1.107000e-08	1.674000e+00	1.800000e+00	1.371212e-08	
133	1.115000e-08	1.530000e+00	1.800000e+00	1.371212e-08	
134	1.125000e-08	1.350000e+00	1.800000e+00	1.371212e-08	
135	1.135000e-08	1.170000e+00	1.800000e+00	1.371212e-08	
136	1.145000e-08	9.900000e-01	1.800000e+00	1.371212e-08	
137	1.155000e-08	8.100000e-01	1.800000e+00	1.800000e+00	
138	1.165000e-08	6.300000e-01	1.800000e+00	1.800000e+00	
139	1.175000e-08	4.500000e-01	1.800000e+00	1.800000e+00	
140	1.185000e-08	2.700000e-01	1.800000e+00	1.800000e+00	
141	1.192500e-08	1.350000e-01	1.800000e+00	1.800000e+00	
142	1.200000e-08	0.000000e+00	1.800000e+00	1.800000e+00	
143	1.201000e-08	0.000000e+00	1.800000e+00	1.800000e+00	
144	1.203000e-08	0.000000e+00	1.800000e+00	1.800000e+00	
145	1.207000e-08	0.000000e+00	1.800000e+00	1.800000e+00	
146	1.215000e-08	0.000000e+00	1.800000e+00	1.800000e+00	
147	1.225000e-08	0.000000e+00	1.800000e+00	1.800000e+00	
148	1.235000e-08	0.000000e+00	1.800000e+00	1.800000e+00	
149	1.245000e-08	0.000000e+00	1.800000e+00	1.800000e+00	
150	1.255000e-08	0.000000e+00	1.800000e+00	1.800000e+00	
151	1.265000e-08	0.000000e+00	1.800000e+00	1.800000e+00	
152	1.275000e-08	0.000000e+00	1.800000e+00	1.800000e+00	
153	1.285000e-08	0.000000e+00	1.800000e+00	1.800000e+00	
154	1.295000e-08	0.000000e+00	1.800000e+00	1.800000e+00	
155	1.305000e-08	0.000000e+00	1.800000e+00	1.800000e+00	
156	1.315000e-08	0.000000e+00	1.800000e+00	1.800000e+00	
157	1.325000e-08	0.000000e+00	1.800000e+00	1.800000e+00	
158	1.335000e-08	0.000000e+00	1.800000e+00	1.800000e+00	
159	1.345000e-08	0.000000e+00	1.800000e+00	1.800000e+00	
160	1.355000e-08	0.000000e+00	1.800000e+00	1.800000e+00	
161	1.365000e-08	0.000000e+00	1.800000e+00	1.800000e+00	
162	1.375000e-08	0.000000e+00	1.800000e+00	1.800000e+00	
163	1.385000e-08	0.000000e+00	1.800000e+00	1.800000e+00	
164	1.395000e-08	0.000000e+00	1.800000e+00	1.800000e+00	
165	1.405000e-08	0.000000e+00	1.800000e+00	1.800000e+00	
166	1.415000e-08	0.000000e+00	1.800000e+00	1.800000e+00	
167	1.425000e-08	0.000000e+00	1.800000e+00	1.800000e+00	
168	1.435000e-08	0.000000e+00	1.800000e+00	1.800000e+00	
169	1.445000e-08	0.000000e+00	1.800000e+00	1.800000e+00	
170	1.455000e-08	0.000000e+00	1.800000e+00	1.800000e+00	

Index   time            v(d_in)         v(clk_in)       v(q1)           
--------------------------------------------------------------------------------
171	1.465000e-08	0.000000e+00	1.800000e+00	1.800000e+00	
172	1.475000e-08	0.000000e+00	1.800000e+00	1.800000e+00	
173	1.485000e-08	0.000000e+00	1.800000e+00	1.800000e+00	
174	1.495000e-08	0.000000e+00	1.800000e+00	1.800000e+00	
175	1.505000e-08	0.000000e+00	1.800000e+00	1.800000e+00	
176	1.515000e-08	0.000000e+00	1.800000e+00	1.800000e+00	
177	1.525000e-08	0.000000e+00	1.800000e+00	1.800000e+00	
178	1.535000e-08	0.000000e+00	1.800000e+00	1.800000e+00	
179	1.545000e-08	0.000000e+00	1.800000e+00	1.800000e+00	
180	1.555000e-08	0.000000e+00	1.800000e+00	1.800000e+00	
181	1.565000e-08	0.000000e+00	1.800000e+00	1.800000e+00	
182	1.575000e-08	0.000000e+00	1.800000e+00	1.800000e+00	
183	1.585000e-08	0.000000e+00	1.800000e+00	1.800000e+00	
184	1.592500e-08	0.000000e+00	1.800000e+00	1.800000e+00	
185	1.600000e-08	0.000000e+00	1.800000e+00	1.800000e+00	
186	1.601000e-08	0.000000e+00	1.782000e+00	1.800000e+00	
187	1.603000e-08	0.000000e+00	1.746000e+00	1.800000e+00	
188	1.607000e-08	0.000000e+00	1.674000e+00	1.800000e+00	
189	1.615000e-08	0.000000e+00	1.530000e+00	1.800000e+00	
190	1.625000e-08	0.000000e+00	1.350000e+00	1.800000e+00	
191	1.635000e-08	0.000000e+00	1.170000e+00	1.800000e+00	
192	1.645000e-08	0.000000e+00	9.900000e-01	1.800000e+00	
193	1.655000e-08	0.000000e+00	8.100000e-01	1.800000e+00	
194	1.665000e-08	0.000000e+00	6.300000e-01	1.800000e+00	
195	1.675000e-08	0.000000e+00	4.500000e-01	1.800000e+00	
196	1.685000e-08	0.000000e+00	2.700000e-01	1.800000e+00	
197	1.692500e-08	0.000000e+00	1.350000e-01	1.800000e+00	
198	1.700000e-08	0.000000e+00	0.000000e+00	1.800000e+00	
199	1.701000e-08	0.000000e+00	0.000000e+00	1.800000e+00	
200	1.703000e-08	0.000000e+00	0.000000e+00	1.800000e+00	
201	1.707000e-08	0.000000e+00	0.000000e+00	1.800000e+00	
202	1.715000e-08	0.000000e+00	0.000000e+00	1.800000e+00	
203	1.725000e-08	0.000000e+00	0.000000e+00	1.800000e+00	
204	1.735000e-08	0.000000e+00	0.000000e+00	1.800000e+00	
205	1.745000e-08	0.000000e+00	0.000000e+00	1.800000e+00	
206	1.755000e-08	0.000000e+00	0.000000e+00	1.800000e+00	
207	1.765000e-08	0.000000e+00	0.000000e+00	1.800000e+00	
208	1.775000e-08	0.000000e+00	0.000000e+00	1.800000e+00	
209	1.785000e-08	0.000000e+00	0.000000e+00	1.800000e+00	
210	1.795000e-08	0.000000e+00	0.000000e+00	1.800000e+00	
211	1.805000e-08	0.000000e+00	0.000000e+00	1.800000e+00	
212	1.815000e-08	0.000000e+00	0.000000e+00	1.800000e+00	
213	1.825000e-08	0.000000e+00	0.000000e+00	1.800000e+00	
214	1.835000e-08	0.000000e+00	0.000000e+00	1.800000e+00	
215	1.845000e-08	0.000000e+00	0.000000e+00	1.800000e+00	
216	1.855000e-08	0.000000e+00	0.000000e+00	1.800000e+00	
217	1.865000e-08	0.000000e+00	0.000000e+00	1.800000e+00	
218	1.875000e-08	0.000000e+00	0.000000e+00	1.800000e+00	
219	1.885000e-08	0.000000e+00	0.000000e+00	1.800000e+00	
220	1.895000e-08	0.000000e+00	0.000000e+00	1.800000e+00	
221	1.905000e-08	0.000000e+00	0.000000e+00	1.800000e+00	
222	1.915000e-08	0.000000e+00	0.000000e+00	1.800000e+00	
223	1.925000e-08	0.000000e+00	0.000000e+00	1.800000e+00	
224	1.935000e-08	0.000000e+00	0.000000e+00	1.800000e+00	
225	1.945000e-08	0.000000e+00	0.000000e+00	1.800000e+00	
226	1.955000e-08	0.000000e+00	0.000000e+00	1.800000e+00	
227	1.965000e-08	0.000000e+00	0.000000e+00	1.800000e+00	
228	1.975000e-08	0.000000e+00	0.000000e+00	1.800000e+00	

Index   time            v(d_in)         v(clk_in)       v(q1)           
--------------------------------------------------------------------------------
229	1.985000e-08	0.000000e+00	0.000000e+00	1.800000e+00	
230	1.992500e-08	0.000000e+00	0.000000e+00	1.800000e+00	
231	2.000000e-08	0.000000e+00	0.000000e+00	1.800000e+00	
232	2.001000e-08	1.800000e-02	1.800000e-02	1.800000e+00	
233	2.003000e-08	5.400000e-02	5.400000e-02	1.800000e+00	
234	2.007000e-08	1.260000e-01	1.260000e-01	1.800000e+00	
235	2.015000e-08	2.700000e-01	2.700000e-01	1.800000e+00	
236	2.025000e-08	4.500000e-01	4.500000e-01	1.800000e+00	
237	2.035000e-08	6.300000e-01	6.300000e-01	1.800000e+00	
238	2.045000e-08	8.100000e-01	8.100000e-01	1.728632e+00	
239	2.055000e-08	9.900000e-01	9.900000e-01	8.889041e-03	
240	2.065000e-08	1.170000e+00	1.170000e+00	2.290216e-08	
241	2.075000e-08	1.350000e+00	1.350000e+00	1.371932e-08	
242	2.085000e-08	1.530000e+00	1.530000e+00	1.594241e-08	
243	2.092500e-08	1.665000e+00	1.665000e+00	1.467126e-08	
244	2.100000e-08	1.800000e+00	1.800000e+00	1.371212e-08	
245	2.101000e-08	1.800000e+00	1.800000e+00	1.371006e-08	
246	2.103000e-08	1.800000e+00	1.800000e+00	1.371212e-08	
247	2.107000e-08	1.800000e+00	1.800000e+00	1.371212e-08	
248	2.115000e-08	1.800000e+00	1.800000e+00	1.371212e-08	
249	2.125000e-08	1.800000e+00	1.800000e+00	1.371212e-08	
250	2.135000e-08	1.800000e+00	1.800000e+00	1.371212e-08	
251	2.145000e-08	1.800000e+00	1.800000e+00	1.371212e-08	
252	2.155000e-08	1.800000e+00	1.800000e+00	1.371212e-08	
253	2.165000e-08	1.800000e+00	1.800000e+00	1.371212e-08	
254	2.175000e-08	1.800000e+00	1.800000e+00	1.371212e-08	
255	2.185000e-08	1.800000e+00	1.800000e+00	1.371212e-08	
256	2.195000e-08	1.800000e+00	1.800000e+00	1.371212e-08	
257	2.205000e-08	1.800000e+00	1.800000e+00	1.371212e-08	
258	2.215000e-08	1.800000e+00	1.800000e+00	1.371212e-08	
259	2.225000e-08	1.800000e+00	1.800000e+00	1.371212e-08	
260	2.235000e-08	1.800000e+00	1.800000e+00	1.371212e-08	
261	2.245000e-08	1.800000e+00	1.800000e+00	1.371212e-08	
262	2.255000e-08	1.800000e+00	1.800000e+00	1.371212e-08	
263	2.265000e-08	1.800000e+00	1.800000e+00	1.371212e-08	
264	2.275000e-08	1.800000e+00	1.800000e+00	1.371212e-08	
265	2.285000e-08	1.800000e+00	1.800000e+00	1.371212e-08	
266	2.295000e-08	1.800000e+00	1.800000e+00	1.371212e-08	
267	2.305000e-08	1.800000e+00	1.800000e+00	1.371212e-08	
268	2.315000e-08	1.800000e+00	1.800000e+00	1.371212e-08	
269	2.325000e-08	1.800000e+00	1.800000e+00	1.371212e-08	
270	2.335000e-08	1.800000e+00	1.800000e+00	1.371212e-08	
271	2.345000e-08	1.800000e+00	1.800000e+00	1.371212e-08	
272	2.355000e-08	1.800000e+00	1.800000e+00	1.371212e-08	
273	2.365000e-08	1.800000e+00	1.800000e+00	1.371212e-08	
274	2.375000e-08	1.800000e+00	1.800000e+00	1.371212e-08	
275	2.385000e-08	1.800000e+00	1.800000e+00	1.371212e-08	
276	2.395000e-08	1.800000e+00	1.800000e+00	1.371212e-08	
277	2.405000e-08	1.800000e+00	1.800000e+00	1.371212e-08	
278	2.415000e-08	1.800000e+00	1.800000e+00	1.371212e-08	
279	2.425000e-08	1.800000e+00	1.800000e+00	1.371212e-08	
280	2.435000e-08	1.800000e+00	1.800000e+00	1.371212e-08	
281	2.445000e-08	1.800000e+00	1.800000e+00	1.371212e-08	
282	2.455000e-08	1.800000e+00	1.800000e+00	1.371212e-08	
283	2.465000e-08	1.800000e+00	1.800000e+00	1.371212e-08	
284	2.475000e-08	1.800000e+00	1.800000e+00	1.371212e-08	
285	2.485000e-08	1.800000e+00	1.800000e+00	1.371212e-08	
286	2.495000e-08	1.800000e+00	1.800000e+00	1.371212e-08	

Index   time            v(d_in)         v(clk_in)       v(q1)           
--------------------------------------------------------------------------------
287	2.505000e-08	1.800000e+00	1.800000e+00	1.371212e-08	
288	2.515000e-08	1.800000e+00	1.800000e+00	1.371212e-08	
289	2.525000e-08	1.800000e+00	1.800000e+00	1.371212e-08	
290	2.535000e-08	1.800000e+00	1.800000e+00	1.371212e-08	
291	2.545000e-08	1.800000e+00	1.800000e+00	1.371212e-08	
292	2.555000e-08	1.800000e+00	1.800000e+00	1.371212e-08	
293	2.565000e-08	1.800000e+00	1.800000e+00	1.371212e-08	
294	2.575000e-08	1.800000e+00	1.800000e+00	1.371212e-08	
295	2.585000e-08	1.800000e+00	1.800000e+00	1.371212e-08	
296	2.592500e-08	1.800000e+00	1.800000e+00	1.371212e-08	
297	2.600000e-08	1.800000e+00	1.800000e+00	1.371212e-08	
298	2.601000e-08	1.800000e+00	1.782000e+00	1.382431e-08	
299	2.603000e-08	1.800000e+00	1.746000e+00	1.406607e-08	
300	2.607000e-08	1.800000e+00	1.674000e+00	1.459904e-08	
301	2.615000e-08	1.800000e+00	1.530000e+00	1.594241e-08	
302	2.625000e-08	1.800000e+00	1.350000e+00	1.845862e-08	
303	2.635000e-08	1.800000e+00	1.170000e+00	2.290216e-08	
304	2.645000e-08	1.800000e+00	9.900000e-01	8.889026e-03	
305	2.655000e-08	1.800000e+00	8.100000e-01	1.728632e+00	
306	2.665000e-08	1.800000e+00	6.300000e-01	1.800000e+00	
307	2.675000e-08	1.800000e+00	4.500000e-01	1.800000e+00	
308	2.685000e-08	1.800000e+00	2.700000e-01	1.800000e+00	
309	2.692500e-08	1.800000e+00	1.350000e-01	1.800000e+00	
310	2.700000e-08	1.800000e+00	0.000000e+00	1.800000e+00	
311	2.701000e-08	1.800000e+00	0.000000e+00	1.800000e+00	
312	2.703000e-08	1.800000e+00	0.000000e+00	1.800000e+00	
313	2.707000e-08	1.800000e+00	0.000000e+00	1.800000e+00	
314	2.715000e-08	1.800000e+00	0.000000e+00	1.800000e+00	
315	2.725000e-08	1.800000e+00	0.000000e+00	1.800000e+00	
316	2.735000e-08	1.800000e+00	0.000000e+00	1.800000e+00	
317	2.745000e-08	1.800000e+00	0.000000e+00	1.800000e+00	
318	2.755000e-08	1.800000e+00	0.000000e+00	1.800000e+00	
319	2.765000e-08	1.800000e+00	0.000000e+00	1.800000e+00	
320	2.775000e-08	1.800000e+00	0.000000e+00	1.800000e+00	
321	2.785000e-08	1.800000e+00	0.000000e+00	1.800000e+00	
322	2.795000e-08	1.800000e+00	0.000000e+00	1.800000e+00	
323	2.805000e-08	1.800000e+00	0.000000e+00	1.800000e+00	
324	2.815000e-08	1.800000e+00	0.000000e+00	1.800000e+00	
325	2.825000e-08	1.800000e+00	0.000000e+00	1.800000e+00	
326	2.835000e-08	1.800000e+00	0.000000e+00	1.800000e+00	
327	2.845000e-08	1.800000e+00	0.000000e+00	1.800000e+00	
328	2.855000e-08	1.800000e+00	0.000000e+00	1.800000e+00	
329	2.865000e-08	1.800000e+00	0.000000e+00	1.800000e+00	
330	2.875000e-08	1.800000e+00	0.000000e+00	1.800000e+00	
331	2.885000e-08	1.800000e+00	0.000000e+00	1.800000e+00	
332	2.895000e-08	1.800000e+00	0.000000e+00	1.800000e+00	
333	2.905000e-08	1.800000e+00	0.000000e+00	1.800000e+00	
334	2.915000e-08	1.800000e+00	0.000000e+00	1.800000e+00	
335	2.925000e-08	1.800000e+00	0.000000e+00	1.800000e+00	
336	2.935000e-08	1.800000e+00	0.000000e+00	1.800000e+00	
337	2.945000e-08	1.800000e+00	0.000000e+00	1.800000e+00	
338	2.955000e-08	1.800000e+00	0.000000e+00	1.800000e+00	
339	2.965000e-08	1.800000e+00	0.000000e+00	1.800000e+00	
340	2.975000e-08	1.800000e+00	0.000000e+00	1.800000e+00	
341	2.985000e-08	1.800000e+00	0.000000e+00	1.800000e+00	
342	2.992500e-08	1.800000e+00	0.000000e+00	1.800000e+00	
343	3.000000e-08	1.800000e+00	0.000000e+00	1.800000e+00	
344	3.001000e-08	1.800000e+00	1.800000e-02	1.800000e+00	

Index   time            v(d_in)         v(clk_in)       v(q1)           
--------------------------------------------------------------------------------
345	3.003000e-08	1.800000e+00	5.400000e-02	1.800000e+00	
346	3.007000e-08	1.800000e+00	1.260000e-01	1.800000e+00	
347	3.015000e-08	1.800000e+00	2.700000e-01	1.800000e+00	
348	3.025000e-08	1.800000e+00	4.500000e-01	1.800000e+00	
349	3.035000e-08	1.800000e+00	6.300000e-01	1.800000e+00	
350	3.045000e-08	1.800000e+00	8.100000e-01	1.800000e+00	
351	3.055000e-08	1.800000e+00	9.900000e-01	8.889041e-03	
352	3.065000e-08	1.800000e+00	1.170000e+00	2.290216e-08	
353	3.075000e-08	1.800000e+00	1.350000e+00	1.371932e-08	
354	3.085000e-08	1.800000e+00	1.530000e+00	1.594241e-08	
355	3.092500e-08	1.800000e+00	1.665000e+00	1.467126e-08	
356	3.100000e-08	1.800000e+00	1.800000e+00	1.371212e-08	
357	3.101000e-08	1.782000e+00	1.800000e+00	1.371006e-08	
358	3.103000e-08	1.746000e+00	1.800000e+00	1.371212e-08	
359	3.107000e-08	1.674000e+00	1.800000e+00	1.371212e-08	
360	3.115000e-08	1.530000e+00	1.800000e+00	1.371212e-08	
361	3.125000e-08	1.350000e+00	1.800000e+00	1.371212e-08	
362	3.135000e-08	1.170000e+00	1.800000e+00	1.371212e-08	
363	3.145000e-08	9.900000e-01	1.800000e+00	1.371212e-08	
364	3.155000e-08	8.100000e-01	1.800000e+00	1.800000e+00	
365	3.165000e-08	6.300000e-01	1.800000e+00	1.800000e+00	
366	3.175000e-08	4.500000e-01	1.800000e+00	1.800000e+00	
367	3.185000e-08	2.700000e-01	1.800000e+00	1.800000e+00	
368	3.192500e-08	1.350000e-01	1.800000e+00	1.800000e+00	
369	3.200000e-08	0.000000e+00	1.800000e+00	1.800000e+00	
370	3.201000e-08	0.000000e+00	1.800000e+00	1.800000e+00	
371	3.203000e-08	0.000000e+00	1.800000e+00	1.800000e+00	
372	3.207000e-08	0.000000e+00	1.800000e+00	1.800000e+00	
373	3.215000e-08	0.000000e+00	1.800000e+00	1.800000e+00	
374	3.225000e-08	0.000000e+00	1.800000e+00	1.800000e+00	
375	3.235000e-08	0.000000e+00	1.800000e+00	1.800000e+00	
376	3.245000e-08	0.000000e+00	1.800000e+00	1.800000e+00	
377	3.255000e-08	0.000000e+00	1.800000e+00	1.800000e+00	
378	3.265000e-08	0.000000e+00	1.800000e+00	1.800000e+00	
379	3.275000e-08	0.000000e+00	1.800000e+00	1.800000e+00	
380	3.285000e-08	0.000000e+00	1.800000e+00	1.800000e+00	
381	3.295000e-08	0.000000e+00	1.800000e+00	1.800000e+00	
382	3.305000e-08	0.000000e+00	1.800000e+00	1.800000e+00	
383	3.315000e-08	0.000000e+00	1.800000e+00	1.800000e+00	
384	3.325000e-08	0.000000e+00	1.800000e+00	1.800000e+00	
385	3.335000e-08	0.000000e+00	1.800000e+00	1.800000e+00	
386	3.345000e-08	0.000000e+00	1.800000e+00	1.800000e+00	
387	3.355000e-08	0.000000e+00	1.800000e+00	1.800000e+00	
388	3.365000e-08	0.000000e+00	1.800000e+00	1.800000e+00	
389	3.375000e-08	0.000000e+00	1.800000e+00	1.800000e+00	
390	3.385000e-08	0.000000e+00	1.800000e+00	1.800000e+00	
391	3.395000e-08	0.000000e+00	1.800000e+00	1.800000e+00	
392	3.405000e-08	0.000000e+00	1.800000e+00	1.800000e+00	
393	3.415000e-08	0.000000e+00	1.800000e+00	1.800000e+00	
394	3.425000e-08	0.000000e+00	1.800000e+00	1.800000e+00	
395	3.435000e-08	0.000000e+00	1.800000e+00	1.800000e+00	
396	3.445000e-08	0.000000e+00	1.800000e+00	1.800000e+00	
397	3.455000e-08	0.000000e+00	1.800000e+00	1.800000e+00	
398	3.465000e-08	0.000000e+00	1.800000e+00	1.800000e+00	
399	3.475000e-08	0.000000e+00	1.800000e+00	1.800000e+00	
400	3.485000e-08	0.000000e+00	1.800000e+00	1.800000e+00	
401	3.495000e-08	0.000000e+00	1.800000e+00	1.800000e+00	
402	3.505000e-08	0.000000e+00	1.800000e+00	1.800000e+00	

Index   time            v(d_in)         v(clk_in)       v(q1)           
--------------------------------------------------------------------------------
403	3.515000e-08	0.000000e+00	1.800000e+00	1.800000e+00	
404	3.525000e-08	0.000000e+00	1.800000e+00	1.800000e+00	
405	3.535000e-08	0.000000e+00	1.800000e+00	1.800000e+00	
406	3.545000e-08	0.000000e+00	1.800000e+00	1.800000e+00	
407	3.555000e-08	0.000000e+00	1.800000e+00	1.800000e+00	
408	3.565000e-08	0.000000e+00	1.800000e+00	1.800000e+00	
409	3.575000e-08	0.000000e+00	1.800000e+00	1.800000e+00	
410	3.585000e-08	0.000000e+00	1.800000e+00	1.800000e+00	
411	3.592500e-08	0.000000e+00	1.800000e+00	1.800000e+00	
412	3.600000e-08	0.000000e+00	1.800000e+00	1.800000e+00	
413	3.601000e-08	0.000000e+00	1.782000e+00	1.800000e+00	
414	3.603000e-08	0.000000e+00	1.746000e+00	1.800000e+00	
415	3.607000e-08	0.000000e+00	1.674000e+00	1.800000e+00	
416	3.615000e-08	0.000000e+00	1.530000e+00	1.800000e+00	
417	3.625000e-08	0.000000e+00	1.350000e+00	1.800000e+00	
418	3.635000e-08	0.000000e+00	1.170000e+00	1.800000e+00	
419	3.645000e-08	0.000000e+00	9.900000e-01	1.800000e+00	
420	3.655000e-08	0.000000e+00	8.100000e-01	1.800000e+00	
421	3.665000e-08	0.000000e+00	6.300000e-01	1.800000e+00	
422	3.675000e-08	0.000000e+00	4.500000e-01	1.800000e+00	
423	3.685000e-08	0.000000e+00	2.700000e-01	1.800000e+00	
424	3.692500e-08	0.000000e+00	1.350000e-01	1.800000e+00	
425	3.700000e-08	0.000000e+00	6.439294e-15	1.800000e+00	
426	3.701000e-08	0.000000e+00	0.000000e+00	1.800000e+00	
427	3.703000e-08	0.000000e+00	0.000000e+00	1.800000e+00	
428	3.707000e-08	0.000000e+00	0.000000e+00	1.800000e+00	
429	3.715000e-08	0.000000e+00	0.000000e+00	1.800000e+00	
430	3.725000e-08	0.000000e+00	0.000000e+00	1.800000e+00	
431	3.735000e-08	0.000000e+00	0.000000e+00	1.800000e+00	
432	3.745000e-08	0.000000e+00	0.000000e+00	1.800000e+00	
433	3.755000e-08	0.000000e+00	0.000000e+00	1.800000e+00	
434	3.765000e-08	0.000000e+00	0.000000e+00	1.800000e+00	
435	3.775000e-08	0.000000e+00	0.000000e+00	1.800000e+00	
436	3.785000e-08	0.000000e+00	0.000000e+00	1.800000e+00	
437	3.795000e-08	0.000000e+00	0.000000e+00	1.800000e+00	
438	3.805000e-08	0.000000e+00	0.000000e+00	1.800000e+00	
439	3.815000e-08	0.000000e+00	0.000000e+00	1.800000e+00	
440	3.825000e-08	0.000000e+00	0.000000e+00	1.800000e+00	
441	3.835000e-08	0.000000e+00	0.000000e+00	1.800000e+00	
442	3.845000e-08	0.000000e+00	0.000000e+00	1.800000e+00	
443	3.855000e-08	0.000000e+00	0.000000e+00	1.800000e+00	
444	3.865000e-08	0.000000e+00	0.000000e+00	1.800000e+00	
445	3.875000e-08	0.000000e+00	0.000000e+00	1.800000e+00	
446	3.885000e-08	0.000000e+00	0.000000e+00	1.800000e+00	
447	3.895000e-08	0.000000e+00	0.000000e+00	1.800000e+00	
448	3.905000e-08	0.000000e+00	0.000000e+00	1.800000e+00	
449	3.915000e-08	0.000000e+00	0.000000e+00	1.800000e+00	
450	3.925000e-08	0.000000e+00	0.000000e+00	1.800000e+00	
451	3.935000e-08	0.000000e+00	0.000000e+00	1.800000e+00	
452	3.945000e-08	0.000000e+00	0.000000e+00	1.800000e+00	
453	3.955000e-08	0.000000e+00	0.000000e+00	1.800000e+00	
454	3.965000e-08	0.000000e+00	0.000000e+00	1.800000e+00	
455	3.975000e-08	0.000000e+00	0.000000e+00	1.800000e+00	
456	3.985000e-08	0.000000e+00	0.000000e+00	1.800000e+00	
457	3.992500e-08	0.000000e+00	0.000000e+00	1.800000e+00	
458	4.000000e-08	0.000000e+00	0.000000e+00	1.800000e+00	
459	4.001000e-08	1.800000e-02	1.800000e-02	1.800000e+00	
460	4.003000e-08	5.400000e-02	5.400000e-02	1.800000e+00	

Index   time            v(d_in)         v(clk_in)       v(q1)           
--------------------------------------------------------------------------------
461	4.007000e-08	1.260000e-01	1.260000e-01	1.800000e+00	
462	4.015000e-08	2.700000e-01	2.700000e-01	1.800000e+00	
463	4.025000e-08	4.500000e-01	4.500000e-01	1.800000e+00	
464	4.035000e-08	6.300000e-01	6.300000e-01	1.800000e+00	
465	4.045000e-08	8.100000e-01	8.100000e-01	1.728632e+00	
466	4.055000e-08	9.900000e-01	9.900000e-01	8.889041e-03	
467	4.065000e-08	1.170000e+00	1.170000e+00	2.290216e-08	
468	4.075000e-08	1.350000e+00	1.350000e+00	1.371932e-08	
469	4.085000e-08	1.530000e+00	1.530000e+00	1.594241e-08	
470	4.092500e-08	1.665000e+00	1.665000e+00	1.467126e-08	
471	4.100000e-08	1.800000e+00	1.800000e+00	1.371212e-08	
472	4.101000e-08	1.800000e+00	1.800000e+00	1.371006e-08	
473	4.103000e-08	1.800000e+00	1.800000e+00	1.371212e-08	
474	4.107000e-08	1.800000e+00	1.800000e+00	1.371212e-08	
475	4.115000e-08	1.800000e+00	1.800000e+00	1.371212e-08	
476	4.125000e-08	1.800000e+00	1.800000e+00	1.371212e-08	
477	4.135000e-08	1.800000e+00	1.800000e+00	1.371212e-08	
478	4.145000e-08	1.800000e+00	1.800000e+00	1.371212e-08	
479	4.155000e-08	1.800000e+00	1.800000e+00	1.371212e-08	
480	4.165000e-08	1.800000e+00	1.800000e+00	1.371212e-08	
481	4.175000e-08	1.800000e+00	1.800000e+00	1.371212e-08	
482	4.185000e-08	1.800000e+00	1.800000e+00	1.371212e-08	
483	4.195000e-08	1.800000e+00	1.800000e+00	1.371212e-08	
484	4.205000e-08	1.800000e+00	1.800000e+00	1.371212e-08	
485	4.215000e-08	1.800000e+00	1.800000e+00	1.371212e-08	
486	4.225000e-08	1.800000e+00	1.800000e+00	1.371212e-08	
487	4.235000e-08	1.800000e+00	1.800000e+00	1.371212e-08	
488	4.245000e-08	1.800000e+00	1.800000e+00	1.371212e-08	
489	4.255000e-08	1.800000e+00	1.800000e+00	1.371212e-08	
490	4.265000e-08	1.800000e+00	1.800000e+00	1.371212e-08	
491	4.275000e-08	1.800000e+00	1.800000e+00	1.371212e-08	
492	4.285000e-08	1.800000e+00	1.800000e+00	1.371212e-08	
493	4.295000e-08	1.800000e+00	1.800000e+00	1.371212e-08	
494	4.305000e-08	1.800000e+00	1.800000e+00	1.371212e-08	
495	4.315000e-08	1.800000e+00	1.800000e+00	1.371212e-08	
496	4.325000e-08	1.800000e+00	1.800000e+00	1.371212e-08	
497	4.335000e-08	1.800000e+00	1.800000e+00	1.371212e-08	
498	4.345000e-08	1.800000e+00	1.800000e+00	1.371212e-08	
499	4.355000e-08	1.800000e+00	1.800000e+00	1.371212e-08	
500	4.365000e-08	1.800000e+00	1.800000e+00	1.371212e-08	
501	4.375000e-08	1.800000e+00	1.800000e+00	1.371212e-08	
502	4.385000e-08	1.800000e+00	1.800000e+00	1.371212e-08	
503	4.395000e-08	1.800000e+00	1.800000e+00	1.371212e-08	
504	4.405000e-08	1.800000e+00	1.800000e+00	1.371212e-08	
505	4.415000e-08	1.800000e+00	1.800000e+00	1.371212e-08	
506	4.425000e-08	1.800000e+00	1.800000e+00	1.371212e-08	
507	4.435000e-08	1.800000e+00	1.800000e+00	1.371212e-08	
508	4.445000e-08	1.800000e+00	1.800000e+00	1.371212e-08	
509	4.455000e-08	1.800000e+00	1.800000e+00	1.371212e-08	
510	4.465000e-08	1.800000e+00	1.800000e+00	1.371212e-08	
511	4.475000e-08	1.800000e+00	1.800000e+00	1.371212e-08	
512	4.485000e-08	1.800000e+00	1.800000e+00	1.371212e-08	
513	4.495000e-08	1.800000e+00	1.800000e+00	1.371212e-08	
514	4.505000e-08	1.800000e+00	1.800000e+00	1.371212e-08	
515	4.515000e-08	1.800000e+00	1.800000e+00	1.371212e-08	
516	4.525000e-08	1.800000e+00	1.800000e+00	1.371212e-08	
517	4.535000e-08	1.800000e+00	1.800000e+00	1.371212e-08	
518	4.545000e-08	1.800000e+00	1.800000e+00	1.371212e-08	

Index   time            v(d_in)         v(clk_in)       v(q1)           
--------------------------------------------------------------------------------
519	4.555000e-08	1.800000e+00	1.800000e+00	1.371212e-08	
520	4.565000e-08	1.800000e+00	1.800000e+00	1.371212e-08	
521	4.575000e-08	1.800000e+00	1.800000e+00	1.371212e-08	
522	4.585000e-08	1.800000e+00	1.800000e+00	1.371212e-08	
523	4.592500e-08	1.800000e+00	1.800000e+00	1.371212e-08	
524	4.600000e-08	1.800000e+00	1.800000e+00	1.371212e-08	
525	4.601000e-08	1.800000e+00	1.782000e+00	1.382431e-08	
526	4.603000e-08	1.800000e+00	1.746000e+00	1.406607e-08	
527	4.607000e-08	1.800000e+00	1.674000e+00	1.459904e-08	
528	4.615000e-08	1.800000e+00	1.530000e+00	1.594241e-08	
529	4.625000e-08	1.800000e+00	1.350000e+00	1.845862e-08	
530	4.635000e-08	1.800000e+00	1.170000e+00	2.290216e-08	
531	4.645000e-08	1.800000e+00	9.900000e-01	8.889026e-03	
532	4.655000e-08	1.800000e+00	8.100000e-01	1.728632e+00	
533	4.665000e-08	1.800000e+00	6.300000e-01	1.800000e+00	
534	4.675000e-08	1.800000e+00	4.500000e-01	1.800000e+00	
535	4.685000e-08	1.800000e+00	2.700000e-01	1.800000e+00	
536	4.692500e-08	1.800000e+00	1.350000e-01	1.800000e+00	
537	4.700000e-08	1.800000e+00	6.439294e-15	1.800000e+00	
538	4.701000e-08	1.800000e+00	0.000000e+00	1.800000e+00	
539	4.703000e-08	1.800000e+00	0.000000e+00	1.800000e+00	
540	4.707000e-08	1.800000e+00	0.000000e+00	1.800000e+00	
541	4.715000e-08	1.800000e+00	0.000000e+00	1.800000e+00	
542	4.725000e-08	1.800000e+00	0.000000e+00	1.800000e+00	
543	4.735000e-08	1.800000e+00	0.000000e+00	1.800000e+00	
544	4.745000e-08	1.800000e+00	0.000000e+00	1.800000e+00	
545	4.755000e-08	1.800000e+00	0.000000e+00	1.800000e+00	
546	4.765000e-08	1.800000e+00	0.000000e+00	1.800000e+00	
547	4.775000e-08	1.800000e+00	0.000000e+00	1.800000e+00	
548	4.785000e-08	1.800000e+00	0.000000e+00	1.800000e+00	
549	4.795000e-08	1.800000e+00	0.000000e+00	1.800000e+00	
550	4.805000e-08	1.800000e+00	0.000000e+00	1.800000e+00	
551	4.815000e-08	1.800000e+00	0.000000e+00	1.800000e+00	
552	4.825000e-08	1.800000e+00	0.000000e+00	1.800000e+00	
553	4.835000e-08	1.800000e+00	0.000000e+00	1.800000e+00	
554	4.845000e-08	1.800000e+00	0.000000e+00	1.800000e+00	
555	4.855000e-08	1.800000e+00	0.000000e+00	1.800000e+00	
556	4.865000e-08	1.800000e+00	0.000000e+00	1.800000e+00	
557	4.875000e-08	1.800000e+00	0.000000e+00	1.800000e+00	
558	4.885000e-08	1.800000e+00	0.000000e+00	1.800000e+00	
559	4.895000e-08	1.800000e+00	0.000000e+00	1.800000e+00	
560	4.905000e-08	1.800000e+00	0.000000e+00	1.800000e+00	
561	4.915000e-08	1.800000e+00	0.000000e+00	1.800000e+00	
562	4.925000e-08	1.800000e+00	0.000000e+00	1.800000e+00	
563	4.935000e-08	1.800000e+00	0.000000e+00	1.800000e+00	
564	4.945000e-08	1.800000e+00	0.000000e+00	1.800000e+00	
565	4.955000e-08	1.800000e+00	0.000000e+00	1.800000e+00	
566	4.965000e-08	1.800000e+00	0.000000e+00	1.800000e+00	
567	4.975000e-08	1.800000e+00	0.000000e+00	1.800000e+00	
568	4.985000e-08	1.800000e+00	0.000000e+00	1.800000e+00	
569	4.992500e-08	1.800000e+00	0.000000e+00	1.800000e+00	
570	5.000000e-08	1.800000e+00	0.000000e+00	1.800000e+00	
571	5.001000e-08	1.800000e+00	1.800000e-02	1.800000e+00	
572	5.003000e-08	1.800000e+00	5.400000e-02	1.800000e+00	
573	5.007000e-08	1.800000e+00	1.260000e-01	1.800000e+00	
574	5.015000e-08	1.800000e+00	2.700000e-01	1.800000e+00	
575	5.025000e-08	1.800000e+00	4.500000e-01	1.800000e+00	
576	5.035000e-08	1.800000e+00	6.300000e-01	1.800000e+00	

Index   time            v(d_in)         v(clk_in)       v(q1)           
--------------------------------------------------------------------------------
577	5.045000e-08	1.800000e+00	8.100000e-01	1.800000e+00	
578	5.055000e-08	1.800000e+00	9.900000e-01	8.889041e-03	
579	5.065000e-08	1.800000e+00	1.170000e+00	2.290216e-08	
580	5.075000e-08	1.800000e+00	1.350000e+00	1.371932e-08	
581	5.085000e-08	1.800000e+00	1.530000e+00	1.594241e-08	
582	5.092500e-08	1.800000e+00	1.665000e+00	1.467126e-08	
583	5.100000e-08	1.800000e+00	1.800000e+00	1.371212e-08	
584	5.101000e-08	1.782000e+00	1.800000e+00	1.371006e-08	
585	5.103000e-08	1.746000e+00	1.800000e+00	1.371212e-08	
586	5.107000e-08	1.674000e+00	1.800000e+00	1.371212e-08	
587	5.115000e-08	1.530000e+00	1.800000e+00	1.371212e-08	
588	5.125000e-08	1.350000e+00	1.800000e+00	1.371212e-08	
589	5.135000e-08	1.170000e+00	1.800000e+00	1.371212e-08	
590	5.145000e-08	9.900000e-01	1.800000e+00	1.371212e-08	
591	5.155000e-08	8.100000e-01	1.800000e+00	1.800000e+00	
592	5.165000e-08	6.300000e-01	1.800000e+00	1.800000e+00	
593	5.175000e-08	4.500000e-01	1.800000e+00	1.800000e+00	
594	5.185000e-08	2.700000e-01	1.800000e+00	1.800000e+00	
595	5.192500e-08	1.350000e-01	1.800000e+00	1.800000e+00	
596	5.200000e-08	0.000000e+00	1.800000e+00	1.800000e+00	
597	5.201000e-08	0.000000e+00	1.800000e+00	1.800000e+00	
598	5.203000e-08	0.000000e+00	1.800000e+00	1.800000e+00	
599	5.207000e-08	0.000000e+00	1.800000e+00	1.800000e+00	
600	5.215000e-08	0.000000e+00	1.800000e+00	1.800000e+00	
601	5.225000e-08	0.000000e+00	1.800000e+00	1.800000e+00	
602	5.235000e-08	0.000000e+00	1.800000e+00	1.800000e+00	
603	5.245000e-08	0.000000e+00	1.800000e+00	1.800000e+00	
604	5.255000e-08	0.000000e+00	1.800000e+00	1.800000e+00	
605	5.265000e-08	0.000000e+00	1.800000e+00	1.800000e+00	
606	5.275000e-08	0.000000e+00	1.800000e+00	1.800000e+00	
607	5.285000e-08	0.000000e+00	1.800000e+00	1.800000e+00	
608	5.295000e-08	0.000000e+00	1.800000e+00	1.800000e+00	
609	5.305000e-08	0.000000e+00	1.800000e+00	1.800000e+00	
610	5.315000e-08	0.000000e+00	1.800000e+00	1.800000e+00	
611	5.325000e-08	0.000000e+00	1.800000e+00	1.800000e+00	
612	5.335000e-08	0.000000e+00	1.800000e+00	1.800000e+00	
613	5.345000e-08	0.000000e+00	1.800000e+00	1.800000e+00	
614	5.355000e-08	0.000000e+00	1.800000e+00	1.800000e+00	
615	5.365000e-08	0.000000e+00	1.800000e+00	1.800000e+00	
616	5.375000e-08	0.000000e+00	1.800000e+00	1.800000e+00	
617	5.385000e-08	0.000000e+00	1.800000e+00	1.800000e+00	
618	5.395000e-08	0.000000e+00	1.800000e+00	1.800000e+00	
619	5.405000e-08	0.000000e+00	1.800000e+00	1.800000e+00	
620	5.415000e-08	0.000000e+00	1.800000e+00	1.800000e+00	
621	5.425000e-08	0.000000e+00	1.800000e+00	1.800000e+00	
622	5.435000e-08	0.000000e+00	1.800000e+00	1.800000e+00	
623	5.445000e-08	0.000000e+00	1.800000e+00	1.800000e+00	
624	5.455000e-08	0.000000e+00	1.800000e+00	1.800000e+00	
625	5.465000e-08	0.000000e+00	1.800000e+00	1.800000e+00	
626	5.475000e-08	0.000000e+00	1.800000e+00	1.800000e+00	
627	5.485000e-08	0.000000e+00	1.800000e+00	1.800000e+00	
628	5.495000e-08	0.000000e+00	1.800000e+00	1.800000e+00	
629	5.505000e-08	0.000000e+00	1.800000e+00	1.800000e+00	
630	5.515000e-08	0.000000e+00	1.800000e+00	1.800000e+00	
631	5.525000e-08	0.000000e+00	1.800000e+00	1.800000e+00	
632	5.535000e-08	0.000000e+00	1.800000e+00	1.800000e+00	
633	5.545000e-08	0.000000e+00	1.800000e+00	1.800000e+00	
634	5.555000e-08	0.000000e+00	1.800000e+00	1.800000e+00	

Index   time            v(d_in)         v(clk_in)       v(q1)           
--------------------------------------------------------------------------------
635	5.565000e-08	0.000000e+00	1.800000e+00	1.800000e+00	
636	5.575000e-08	0.000000e+00	1.800000e+00	1.800000e+00	
637	5.585000e-08	0.000000e+00	1.800000e+00	1.800000e+00	
638	5.592500e-08	0.000000e+00	1.800000e+00	1.800000e+00	
639	5.600000e-08	0.000000e+00	1.800000e+00	1.800000e+00	
640	5.601000e-08	0.000000e+00	1.782000e+00	1.800000e+00	
641	5.603000e-08	0.000000e+00	1.746000e+00	1.800000e+00	
642	5.607000e-08	0.000000e+00	1.674000e+00	1.800000e+00	
643	5.615000e-08	0.000000e+00	1.530000e+00	1.800000e+00	
644	5.625000e-08	0.000000e+00	1.350000e+00	1.800000e+00	
645	5.635000e-08	0.000000e+00	1.170000e+00	1.800000e+00	
646	5.645000e-08	0.000000e+00	9.900000e-01	1.800000e+00	
647	5.655000e-08	0.000000e+00	8.100000e-01	1.800000e+00	
648	5.665000e-08	0.000000e+00	6.300000e-01	1.800000e+00	
649	5.675000e-08	0.000000e+00	4.500000e-01	1.800000e+00	
650	5.685000e-08	0.000000e+00	2.700000e-01	1.800000e+00	
651	5.692500e-08	0.000000e+00	1.350000e-01	1.800000e+00	
652	5.700000e-08	0.000000e+00	6.439294e-15	1.800000e+00	
653	5.701000e-08	0.000000e+00	0.000000e+00	1.800000e+00	
654	5.703000e-08	0.000000e+00	0.000000e+00	1.800000e+00	
655	5.707000e-08	0.000000e+00	0.000000e+00	1.800000e+00	
656	5.715000e-08	0.000000e+00	0.000000e+00	1.800000e+00	
657	5.725000e-08	0.000000e+00	0.000000e+00	1.800000e+00	
658	5.735000e-08	0.000000e+00	0.000000e+00	1.800000e+00	
659	5.745000e-08	0.000000e+00	0.000000e+00	1.800000e+00	
660	5.755000e-08	0.000000e+00	0.000000e+00	1.800000e+00	
661	5.765000e-08	0.000000e+00	0.000000e+00	1.800000e+00	
662	5.775000e-08	0.000000e+00	0.000000e+00	1.800000e+00	
663	5.785000e-08	0.000000e+00	0.000000e+00	1.800000e+00	
664	5.795000e-08	0.000000e+00	0.000000e+00	1.800000e+00	
665	5.805000e-08	0.000000e+00	0.000000e+00	1.800000e+00	
666	5.815000e-08	0.000000e+00	0.000000e+00	1.800000e+00	
667	5.825000e-08	0.000000e+00	0.000000e+00	1.800000e+00	
668	5.835000e-08	0.000000e+00	0.000000e+00	1.800000e+00	
669	5.845000e-08	0.000000e+00	0.000000e+00	1.800000e+00	
670	5.855000e-08	0.000000e+00	0.000000e+00	1.800000e+00	
671	5.865000e-08	0.000000e+00	0.000000e+00	1.800000e+00	
672	5.875000e-08	0.000000e+00	0.000000e+00	1.800000e+00	
673	5.885000e-08	0.000000e+00	0.000000e+00	1.800000e+00	
674	5.895000e-08	0.000000e+00	0.000000e+00	1.800000e+00	
675	5.905000e-08	0.000000e+00	0.000000e+00	1.800000e+00	
676	5.915000e-08	0.000000e+00	0.000000e+00	1.800000e+00	
677	5.925000e-08	0.000000e+00	0.000000e+00	1.800000e+00	
678	5.935000e-08	0.000000e+00	0.000000e+00	1.800000e+00	
679	5.945000e-08	0.000000e+00	0.000000e+00	1.800000e+00	
680	5.955000e-08	0.000000e+00	0.000000e+00	1.800000e+00	
681	5.965000e-08	0.000000e+00	0.000000e+00	1.800000e+00	
682	5.975000e-08	0.000000e+00	0.000000e+00	1.800000e+00	
683	5.985000e-08	0.000000e+00	0.000000e+00	1.800000e+00	
684	5.992500e-08	0.000000e+00	0.000000e+00	1.800000e+00	
685	6.000000e-08	0.000000e+00	0.000000e+00	1.800000e+00	
686	6.001000e-08	1.800000e-02	1.800000e-02	1.800000e+00	
687	6.003000e-08	5.400000e-02	5.400000e-02	1.800000e+00	
688	6.007000e-08	1.260000e-01	1.260000e-01	1.800000e+00	
689	6.015000e-08	2.700000e-01	2.700000e-01	1.800000e+00	
690	6.025000e-08	4.500000e-01	4.500000e-01	1.800000e+00	
691	6.035000e-08	6.300000e-01	6.300000e-01	1.800000e+00	
692	6.045000e-08	8.100000e-01	8.100000e-01	1.728632e+00	

Index   time            v(d_in)         v(clk_in)       v(q1)           
--------------------------------------------------------------------------------
693	6.055000e-08	9.900000e-01	9.900000e-01	8.889041e-03	
694	6.065000e-08	1.170000e+00	1.170000e+00	2.290216e-08	
695	6.075000e-08	1.350000e+00	1.350000e+00	1.371932e-08	
696	6.085000e-08	1.530000e+00	1.530000e+00	1.594241e-08	
697	6.092500e-08	1.665000e+00	1.665000e+00	1.467126e-08	
698	6.100000e-08	1.800000e+00	1.800000e+00	1.371212e-08	
699	6.101000e-08	1.800000e+00	1.800000e+00	1.371006e-08	
700	6.103000e-08	1.800000e+00	1.800000e+00	1.371212e-08	
701	6.107000e-08	1.800000e+00	1.800000e+00	1.371212e-08	
702	6.115000e-08	1.800000e+00	1.800000e+00	1.371212e-08	
703	6.125000e-08	1.800000e+00	1.800000e+00	1.371212e-08	
704	6.135000e-08	1.800000e+00	1.800000e+00	1.371212e-08	
705	6.145000e-08	1.800000e+00	1.800000e+00	1.371212e-08	
706	6.155000e-08	1.800000e+00	1.800000e+00	1.371212e-08	
707	6.165000e-08	1.800000e+00	1.800000e+00	1.371212e-08	
708	6.175000e-08	1.800000e+00	1.800000e+00	1.371212e-08	
709	6.185000e-08	1.800000e+00	1.800000e+00	1.371212e-08	
710	6.195000e-08	1.800000e+00	1.800000e+00	1.371212e-08	
711	6.205000e-08	1.800000e+00	1.800000e+00	1.371212e-08	
712	6.215000e-08	1.800000e+00	1.800000e+00	1.371212e-08	
713	6.225000e-08	1.800000e+00	1.800000e+00	1.371212e-08	
714	6.235000e-08	1.800000e+00	1.800000e+00	1.371212e-08	
715	6.245000e-08	1.800000e+00	1.800000e+00	1.371212e-08	
716	6.255000e-08	1.800000e+00	1.800000e+00	1.371212e-08	
717	6.265000e-08	1.800000e+00	1.800000e+00	1.371212e-08	
718	6.275000e-08	1.800000e+00	1.800000e+00	1.371212e-08	
719	6.285000e-08	1.800000e+00	1.800000e+00	1.371212e-08	
720	6.295000e-08	1.800000e+00	1.800000e+00	1.371212e-08	
721	6.305000e-08	1.800000e+00	1.800000e+00	1.371212e-08	
722	6.315000e-08	1.800000e+00	1.800000e+00	1.371212e-08	
723	6.325000e-08	1.800000e+00	1.800000e+00	1.371212e-08	
724	6.335000e-08	1.800000e+00	1.800000e+00	1.371212e-08	
725	6.345000e-08	1.800000e+00	1.800000e+00	1.371212e-08	
726	6.355000e-08	1.800000e+00	1.800000e+00	1.371212e-08	
727	6.365000e-08	1.800000e+00	1.800000e+00	1.371212e-08	
728	6.375000e-08	1.800000e+00	1.800000e+00	1.371212e-08	
729	6.385000e-08	1.800000e+00	1.800000e+00	1.371212e-08	
730	6.395000e-08	1.800000e+00	1.800000e+00	1.371212e-08	
731	6.405000e-08	1.800000e+00	1.800000e+00	1.371212e-08	
732	6.415000e-08	1.800000e+00	1.800000e+00	1.371212e-08	
733	6.425000e-08	1.800000e+00	1.800000e+00	1.371212e-08	
734	6.435000e-08	1.800000e+00	1.800000e+00	1.371212e-08	
735	6.445000e-08	1.800000e+00	1.800000e+00	1.371212e-08	
736	6.455000e-08	1.800000e+00	1.800000e+00	1.371212e-08	
737	6.465000e-08	1.800000e+00	1.800000e+00	1.371212e-08	
738	6.475000e-08	1.800000e+00	1.800000e+00	1.371212e-08	
739	6.485000e-08	1.800000e+00	1.800000e+00	1.371212e-08	
740	6.495000e-08	1.800000e+00	1.800000e+00	1.371212e-08	
741	6.505000e-08	1.800000e+00	1.800000e+00	1.371212e-08	
742	6.515000e-08	1.800000e+00	1.800000e+00	1.371212e-08	
743	6.525000e-08	1.800000e+00	1.800000e+00	1.371212e-08	
744	6.535000e-08	1.800000e+00	1.800000e+00	1.371212e-08	
745	6.545000e-08	1.800000e+00	1.800000e+00	1.371212e-08	
746	6.555000e-08	1.800000e+00	1.800000e+00	1.371212e-08	
747	6.565000e-08	1.800000e+00	1.800000e+00	1.371212e-08	
748	6.575000e-08	1.800000e+00	1.800000e+00	1.371212e-08	
749	6.585000e-08	1.800000e+00	1.800000e+00	1.371212e-08	
750	6.592500e-08	1.800000e+00	1.800000e+00	1.371212e-08	

Index   time            v(d_in)         v(clk_in)       v(q1)           
--------------------------------------------------------------------------------
751	6.600000e-08	1.800000e+00	1.800000e+00	1.371212e-08	
752	6.601000e-08	1.800000e+00	1.782000e+00	1.382431e-08	
753	6.603000e-08	1.800000e+00	1.746000e+00	1.406607e-08	
754	6.607000e-08	1.800000e+00	1.674000e+00	1.459904e-08	
755	6.615000e-08	1.800000e+00	1.530000e+00	1.594241e-08	
756	6.625000e-08	1.800000e+00	1.350000e+00	1.845862e-08	
757	6.635000e-08	1.800000e+00	1.170000e+00	2.290216e-08	
758	6.645000e-08	1.800000e+00	9.900000e-01	8.889026e-03	
759	6.655000e-08	1.800000e+00	8.100000e-01	1.728632e+00	
760	6.665000e-08	1.800000e+00	6.300000e-01	1.800000e+00	
761	6.675000e-08	1.800000e+00	4.500000e-01	1.800000e+00	
762	6.685000e-08	1.800000e+00	2.700000e-01	1.800000e+00	
763	6.692500e-08	1.800000e+00	1.350000e-01	1.800000e+00	
764	6.700000e-08	1.800000e+00	6.439294e-15	1.800000e+00	
765	6.701000e-08	1.800000e+00	0.000000e+00	1.800000e+00	
766	6.703000e-08	1.800000e+00	0.000000e+00	1.800000e+00	
767	6.707000e-08	1.800000e+00	0.000000e+00	1.800000e+00	
768	6.715000e-08	1.800000e+00	0.000000e+00	1.800000e+00	
769	6.725000e-08	1.800000e+00	0.000000e+00	1.800000e+00	
770	6.735000e-08	1.800000e+00	0.000000e+00	1.800000e+00	
771	6.745000e-08	1.800000e+00	0.000000e+00	1.800000e+00	
772	6.755000e-08	1.800000e+00	0.000000e+00	1.800000e+00	
773	6.765000e-08	1.800000e+00	0.000000e+00	1.800000e+00	
774	6.775000e-08	1.800000e+00	0.000000e+00	1.800000e+00	
775	6.785000e-08	1.800000e+00	0.000000e+00	1.800000e+00	
776	6.795000e-08	1.800000e+00	0.000000e+00	1.800000e+00	
777	6.805000e-08	1.800000e+00	0.000000e+00	1.800000e+00	
778	6.815000e-08	1.800000e+00	0.000000e+00	1.800000e+00	
779	6.825000e-08	1.800000e+00	0.000000e+00	1.800000e+00	
780	6.835000e-08	1.800000e+00	0.000000e+00	1.800000e+00	
781	6.845000e-08	1.800000e+00	0.000000e+00	1.800000e+00	
782	6.855000e-08	1.800000e+00	0.000000e+00	1.800000e+00	
783	6.865000e-08	1.800000e+00	0.000000e+00	1.800000e+00	
784	6.875000e-08	1.800000e+00	0.000000e+00	1.800000e+00	
785	6.885000e-08	1.800000e+00	0.000000e+00	1.800000e+00	
786	6.895000e-08	1.800000e+00	0.000000e+00	1.800000e+00	
787	6.905000e-08	1.800000e+00	0.000000e+00	1.800000e+00	
788	6.915000e-08	1.800000e+00	0.000000e+00	1.800000e+00	
789	6.925000e-08	1.800000e+00	0.000000e+00	1.800000e+00	
790	6.935000e-08	1.800000e+00	0.000000e+00	1.800000e+00	
791	6.945000e-08	1.800000e+00	0.000000e+00	1.800000e+00	
792	6.955000e-08	1.800000e+00	0.000000e+00	1.800000e+00	
793	6.965000e-08	1.800000e+00	0.000000e+00	1.800000e+00	
794	6.975000e-08	1.800000e+00	0.000000e+00	1.800000e+00	
795	6.985000e-08	1.800000e+00	0.000000e+00	1.800000e+00	
796	6.992500e-08	1.800000e+00	0.000000e+00	1.800000e+00	
797	7.000000e-08	1.800000e+00	0.000000e+00	1.800000e+00	
798	7.001000e-08	1.800000e+00	1.800000e-02	1.800000e+00	
799	7.003000e-08	1.800000e+00	5.400000e-02	1.800000e+00	
800	7.007000e-08	1.800000e+00	1.260000e-01	1.800000e+00	
801	7.015000e-08	1.800000e+00	2.700000e-01	1.800000e+00	
802	7.025000e-08	1.800000e+00	4.500000e-01	1.800000e+00	
803	7.035000e-08	1.800000e+00	6.300000e-01	1.800000e+00	
804	7.045000e-08	1.800000e+00	8.100000e-01	1.800000e+00	
805	7.055000e-08	1.800000e+00	9.900000e-01	8.889041e-03	
806	7.065000e-08	1.800000e+00	1.170000e+00	2.290216e-08	
807	7.075000e-08	1.800000e+00	1.350000e+00	1.371932e-08	
808	7.085000e-08	1.800000e+00	1.530000e+00	1.594241e-08	

Index   time            v(d_in)         v(clk_in)       v(q1)           
--------------------------------------------------------------------------------
809	7.092500e-08	1.800000e+00	1.665000e+00	1.467126e-08	
810	7.100000e-08	1.800000e+00	1.800000e+00	1.371212e-08	
811	7.101000e-08	1.782000e+00	1.800000e+00	1.371006e-08	
812	7.103000e-08	1.746000e+00	1.800000e+00	1.371212e-08	
813	7.107000e-08	1.674000e+00	1.800000e+00	1.371212e-08	
814	7.115000e-08	1.530000e+00	1.800000e+00	1.371212e-08	
815	7.125000e-08	1.350000e+00	1.800000e+00	1.371212e-08	
816	7.135000e-08	1.170000e+00	1.800000e+00	1.371212e-08	
817	7.145000e-08	9.900000e-01	1.800000e+00	1.371212e-08	
818	7.155000e-08	8.100000e-01	1.800000e+00	1.800000e+00	
819	7.165000e-08	6.300000e-01	1.800000e+00	1.800000e+00	
820	7.175000e-08	4.500000e-01	1.800000e+00	1.800000e+00	
821	7.185000e-08	2.700000e-01	1.800000e+00	1.800000e+00	
822	7.192500e-08	1.350000e-01	1.800000e+00	1.800000e+00	
823	7.200000e-08	0.000000e+00	1.800000e+00	1.800000e+00	
824	7.201000e-08	0.000000e+00	1.800000e+00	1.800000e+00	
825	7.203000e-08	0.000000e+00	1.800000e+00	1.800000e+00	
826	7.207000e-08	0.000000e+00	1.800000e+00	1.800000e+00	
827	7.215000e-08	0.000000e+00	1.800000e+00	1.800000e+00	
828	7.225000e-08	0.000000e+00	1.800000e+00	1.800000e+00	
829	7.235000e-08	0.000000e+00	1.800000e+00	1.800000e+00	
830	7.245000e-08	0.000000e+00	1.800000e+00	1.800000e+00	
831	7.255000e-08	0.000000e+00	1.800000e+00	1.800000e+00	
832	7.265000e-08	0.000000e+00	1.800000e+00	1.800000e+00	
833	7.275000e-08	0.000000e+00	1.800000e+00	1.800000e+00	
834	7.285000e-08	0.000000e+00	1.800000e+00	1.800000e+00	
835	7.295000e-08	0.000000e+00	1.800000e+00	1.800000e+00	
836	7.305000e-08	0.000000e+00	1.800000e+00	1.800000e+00	
837	7.315000e-08	0.000000e+00	1.800000e+00	1.800000e+00	
838	7.325000e-08	0.000000e+00	1.800000e+00	1.800000e+00	
839	7.335000e-08	0.000000e+00	1.800000e+00	1.800000e+00	
840	7.345000e-08	0.000000e+00	1.800000e+00	1.800000e+00	
841	7.355000e-08	0.000000e+00	1.800000e+00	1.800000e+00	
842	7.365000e-08	0.000000e+00	1.800000e+00	1.800000e+00	
843	7.375000e-08	0.000000e+00	1.800000e+00	1.800000e+00	
844	7.385000e-08	0.000000e+00	1.800000e+00	1.800000e+00	
845	7.395000e-08	0.000000e+00	1.800000e+00	1.800000e+00	
846	7.405000e-08	0.000000e+00	1.800000e+00	1.800000e+00	
847	7.415000e-08	0.000000e+00	1.800000e+00	1.800000e+00	
848	7.425000e-08	0.000000e+00	1.800000e+00	1.800000e+00	
849	7.435000e-08	0.000000e+00	1.800000e+00	1.800000e+00	
850	7.445000e-08	0.000000e+00	1.800000e+00	1.800000e+00	
851	7.455000e-08	0.000000e+00	1.800000e+00	1.800000e+00	
852	7.465000e-08	0.000000e+00	1.800000e+00	1.800000e+00	
853	7.475000e-08	0.000000e+00	1.800000e+00	1.800000e+00	
854	7.485000e-08	0.000000e+00	1.800000e+00	1.800000e+00	
855	7.495000e-08	0.000000e+00	1.800000e+00	1.800000e+00	
856	7.505000e-08	0.000000e+00	1.800000e+00	1.800000e+00	
857	7.515000e-08	0.000000e+00	1.800000e+00	1.800000e+00	
858	7.525000e-08	0.000000e+00	1.800000e+00	1.800000e+00	
859	7.535000e-08	0.000000e+00	1.800000e+00	1.800000e+00	
860	7.545000e-08	0.000000e+00	1.800000e+00	1.800000e+00	
861	7.555000e-08	0.000000e+00	1.800000e+00	1.800000e+00	
862	7.565000e-08	0.000000e+00	1.800000e+00	1.800000e+00	
863	7.575000e-08	0.000000e+00	1.800000e+00	1.800000e+00	
864	7.585000e-08	0.000000e+00	1.800000e+00	1.800000e+00	
865	7.592500e-08	0.000000e+00	1.800000e+00	1.800000e+00	
866	7.600000e-08	0.000000e+00	1.800000e+00	1.800000e+00	

Index   time            v(d_in)         v(clk_in)       v(q1)           
--------------------------------------------------------------------------------
867	7.601000e-08	0.000000e+00	1.782000e+00	1.800000e+00	
868	7.603000e-08	0.000000e+00	1.746000e+00	1.800000e+00	
869	7.607000e-08	0.000000e+00	1.674000e+00	1.800000e+00	
870	7.615000e-08	0.000000e+00	1.530000e+00	1.800000e+00	
871	7.625000e-08	0.000000e+00	1.350000e+00	1.800000e+00	
872	7.635000e-08	0.000000e+00	1.170000e+00	1.800000e+00	
873	7.645000e-08	0.000000e+00	9.900000e-01	1.800000e+00	
874	7.655000e-08	0.000000e+00	8.100000e-01	1.800000e+00	
875	7.665000e-08	0.000000e+00	6.300000e-01	1.800000e+00	
876	7.675000e-08	0.000000e+00	4.500000e-01	1.800000e+00	
877	7.685000e-08	0.000000e+00	2.700000e-01	1.800000e+00	
878	7.692500e-08	0.000000e+00	1.350000e-01	1.800000e+00	
879	7.700000e-08	0.000000e+00	6.439294e-15	1.800000e+00	
880	7.701000e-08	0.000000e+00	0.000000e+00	1.800000e+00	
881	7.703000e-08	0.000000e+00	0.000000e+00	1.800000e+00	
882	7.707000e-08	0.000000e+00	0.000000e+00	1.800000e+00	
883	7.715000e-08	0.000000e+00	0.000000e+00	1.800000e+00	
884	7.725000e-08	0.000000e+00	0.000000e+00	1.800000e+00	
885	7.735000e-08	0.000000e+00	0.000000e+00	1.800000e+00	
886	7.745000e-08	0.000000e+00	0.000000e+00	1.800000e+00	
887	7.755000e-08	0.000000e+00	0.000000e+00	1.800000e+00	
888	7.765000e-08	0.000000e+00	0.000000e+00	1.800000e+00	
889	7.775000e-08	0.000000e+00	0.000000e+00	1.800000e+00	
890	7.785000e-08	0.000000e+00	0.000000e+00	1.800000e+00	
891	7.795000e-08	0.000000e+00	0.000000e+00	1.800000e+00	
892	7.805000e-08	0.000000e+00	0.000000e+00	1.800000e+00	
893	7.815000e-08	0.000000e+00	0.000000e+00	1.800000e+00	
894	7.825000e-08	0.000000e+00	0.000000e+00	1.800000e+00	
895	7.835000e-08	0.000000e+00	0.000000e+00	1.800000e+00	
896	7.845000e-08	0.000000e+00	0.000000e+00	1.800000e+00	
897	7.855000e-08	0.000000e+00	0.000000e+00	1.800000e+00	
898	7.865000e-08	0.000000e+00	0.000000e+00	1.800000e+00	
899	7.875000e-08	0.000000e+00	0.000000e+00	1.800000e+00	
900	7.885000e-08	0.000000e+00	0.000000e+00	1.800000e+00	
901	7.895000e-08	0.000000e+00	0.000000e+00	1.800000e+00	
902	7.905000e-08	0.000000e+00	0.000000e+00	1.800000e+00	
903	7.915000e-08	0.000000e+00	0.000000e+00	1.800000e+00	
904	7.925000e-08	0.000000e+00	0.000000e+00	1.800000e+00	
905	7.935000e-08	0.000000e+00	0.000000e+00	1.800000e+00	
906	7.945000e-08	0.000000e+00	0.000000e+00	1.800000e+00	
907	7.955000e-08	0.000000e+00	0.000000e+00	1.800000e+00	
908	7.965000e-08	0.000000e+00	0.000000e+00	1.800000e+00	
909	7.975000e-08	0.000000e+00	0.000000e+00	1.800000e+00	
910	7.985000e-08	0.000000e+00	0.000000e+00	1.800000e+00	
911	7.992500e-08	0.000000e+00	0.000000e+00	1.800000e+00	
912	8.000000e-08	0.000000e+00	0.000000e+00	1.800000e+00	
913	8.001000e-08	1.800000e-02	1.800000e-02	1.800000e+00	
914	8.003000e-08	5.400000e-02	5.400000e-02	1.800000e+00	
915	8.007000e-08	1.260000e-01	1.260000e-01	1.800000e+00	
916	8.015000e-08	2.700000e-01	2.700000e-01	1.800000e+00	
917	8.025000e-08	4.500000e-01	4.500000e-01	1.800000e+00	
918	8.035000e-08	6.300000e-01	6.300000e-01	1.800000e+00	
919	8.045000e-08	8.100000e-01	8.100000e-01	1.728632e+00	
920	8.055000e-08	9.900000e-01	9.900000e-01	8.889041e-03	
921	8.065000e-08	1.170000e+00	1.170000e+00	2.290216e-08	
922	8.075000e-08	1.350000e+00	1.350000e+00	1.371932e-08	
923	8.085000e-08	1.530000e+00	1.530000e+00	1.594241e-08	
924	8.092500e-08	1.665000e+00	1.665000e+00	1.467126e-08	

Index   time            v(d_in)         v(clk_in)       v(q1)           
--------------------------------------------------------------------------------
925	8.100000e-08	1.800000e+00	1.800000e+00	1.371212e-08	
926	8.101000e-08	1.800000e+00	1.800000e+00	1.371006e-08	
927	8.103000e-08	1.800000e+00	1.800000e+00	1.371212e-08	
928	8.107000e-08	1.800000e+00	1.800000e+00	1.371212e-08	
929	8.115000e-08	1.800000e+00	1.800000e+00	1.371212e-08	
930	8.125000e-08	1.800000e+00	1.800000e+00	1.371212e-08	
931	8.135000e-08	1.800000e+00	1.800000e+00	1.371212e-08	
932	8.145000e-08	1.800000e+00	1.800000e+00	1.371212e-08	
933	8.155000e-08	1.800000e+00	1.800000e+00	1.371212e-08	
934	8.165000e-08	1.800000e+00	1.800000e+00	1.371212e-08	
935	8.175000e-08	1.800000e+00	1.800000e+00	1.371212e-08	
936	8.185000e-08	1.800000e+00	1.800000e+00	1.371212e-08	
937	8.195000e-08	1.800000e+00	1.800000e+00	1.371212e-08	
938	8.205000e-08	1.800000e+00	1.800000e+00	1.371212e-08	
939	8.215000e-08	1.800000e+00	1.800000e+00	1.371212e-08	
940	8.225000e-08	1.800000e+00	1.800000e+00	1.371212e-08	
941	8.235000e-08	1.800000e+00	1.800000e+00	1.371212e-08	
942	8.245000e-08	1.800000e+00	1.800000e+00	1.371212e-08	
943	8.255000e-08	1.800000e+00	1.800000e+00	1.371212e-08	
944	8.265000e-08	1.800000e+00	1.800000e+00	1.371212e-08	
945	8.275000e-08	1.800000e+00	1.800000e+00	1.371212e-08	
946	8.285000e-08	1.800000e+00	1.800000e+00	1.371212e-08	
947	8.295000e-08	1.800000e+00	1.800000e+00	1.371212e-08	
948	8.305000e-08	1.800000e+00	1.800000e+00	1.371212e-08	
949	8.315000e-08	1.800000e+00	1.800000e+00	1.371212e-08	
950	8.325000e-08	1.800000e+00	1.800000e+00	1.371212e-08	
951	8.335000e-08	1.800000e+00	1.800000e+00	1.371212e-08	
952	8.345000e-08	1.800000e+00	1.800000e+00	1.371212e-08	
953	8.355000e-08	1.800000e+00	1.800000e+00	1.371212e-08	
954	8.365000e-08	1.800000e+00	1.800000e+00	1.371212e-08	
955	8.375000e-08	1.800000e+00	1.800000e+00	1.371212e-08	
956	8.385000e-08	1.800000e+00	1.800000e+00	1.371212e-08	
957	8.395000e-08	1.800000e+00	1.800000e+00	1.371212e-08	
958	8.405000e-08	1.800000e+00	1.800000e+00	1.371212e-08	
959	8.415000e-08	1.800000e+00	1.800000e+00	1.371212e-08	
960	8.425000e-08	1.800000e+00	1.800000e+00	1.371212e-08	
961	8.435000e-08	1.800000e+00	1.800000e+00	1.371212e-08	
962	8.445000e-08	1.800000e+00	1.800000e+00	1.371212e-08	
963	8.455000e-08	1.800000e+00	1.800000e+00	1.371212e-08	
964	8.465000e-08	1.800000e+00	1.800000e+00	1.371212e-08	
965	8.475000e-08	1.800000e+00	1.800000e+00	1.371212e-08	
966	8.485000e-08	1.800000e+00	1.800000e+00	1.371212e-08	
967	8.495000e-08	1.800000e+00	1.800000e+00	1.371212e-08	
968	8.505000e-08	1.800000e+00	1.800000e+00	1.371212e-08	
969	8.515000e-08	1.800000e+00	1.800000e+00	1.371212e-08	
970	8.525000e-08	1.800000e+00	1.800000e+00	1.371212e-08	
971	8.535000e-08	1.800000e+00	1.800000e+00	1.371212e-08	
972	8.545000e-08	1.800000e+00	1.800000e+00	1.371212e-08	
973	8.555000e-08	1.800000e+00	1.800000e+00	1.371212e-08	
974	8.565000e-08	1.800000e+00	1.800000e+00	1.371212e-08	
975	8.575000e-08	1.800000e+00	1.800000e+00	1.371212e-08	
976	8.585000e-08	1.800000e+00	1.800000e+00	1.371212e-08	
977	8.592500e-08	1.800000e+00	1.800000e+00	1.371212e-08	
978	8.600000e-08	1.800000e+00	1.800000e+00	1.371212e-08	
979	8.601000e-08	1.800000e+00	1.782000e+00	1.382431e-08	
980	8.603000e-08	1.800000e+00	1.746000e+00	1.406607e-08	
981	8.607000e-08	1.800000e+00	1.674000e+00	1.459904e-08	
982	8.615000e-08	1.800000e+00	1.530000e+00	1.594241e-08	

Index   time            v(d_in)         v(clk_in)       v(q1)           
--------------------------------------------------------------------------------
983	8.625000e-08	1.800000e+00	1.350000e+00	1.845862e-08	
984	8.635000e-08	1.800000e+00	1.170000e+00	2.290216e-08	
985	8.645000e-08	1.800000e+00	9.900000e-01	8.889026e-03	
986	8.655000e-08	1.800000e+00	8.100000e-01	1.728632e+00	
987	8.665000e-08	1.800000e+00	6.300000e-01	1.800000e+00	
988	8.675000e-08	1.800000e+00	4.500000e-01	1.800000e+00	
989	8.685000e-08	1.800000e+00	2.700000e-01	1.800000e+00	
990	8.692500e-08	1.800000e+00	1.350000e-01	1.800000e+00	
991	8.700000e-08	1.800000e+00	6.439294e-15	1.800000e+00	
992	8.701000e-08	1.800000e+00	0.000000e+00	1.800000e+00	
993	8.703000e-08	1.800000e+00	0.000000e+00	1.800000e+00	
994	8.707000e-08	1.800000e+00	0.000000e+00	1.800000e+00	
995	8.715000e-08	1.800000e+00	0.000000e+00	1.800000e+00	
996	8.725000e-08	1.800000e+00	0.000000e+00	1.800000e+00	
997	8.735000e-08	1.800000e+00	0.000000e+00	1.800000e+00	
998	8.745000e-08	1.800000e+00	0.000000e+00	1.800000e+00	
999	8.755000e-08	1.800000e+00	0.000000e+00	1.800000e+00	
1000	8.765000e-08	1.800000e+00	0.000000e+00	1.800000e+00	
1001	8.775000e-08	1.800000e+00	0.000000e+00	1.800000e+00	
1002	8.785000e-08	1.800000e+00	0.000000e+00	1.800000e+00	
1003	8.795000e-08	1.800000e+00	0.000000e+00	1.800000e+00	
1004	8.805000e-08	1.800000e+00	0.000000e+00	1.800000e+00	
1005	8.815000e-08	1.800000e+00	0.000000e+00	1.800000e+00	
1006	8.825000e-08	1.800000e+00	0.000000e+00	1.800000e+00	
1007	8.835000e-08	1.800000e+00	0.000000e+00	1.800000e+00	
1008	8.845000e-08	1.800000e+00	0.000000e+00	1.800000e+00	
1009	8.855000e-08	1.800000e+00	0.000000e+00	1.800000e+00	
1010	8.865000e-08	1.800000e+00	0.000000e+00	1.800000e+00	
1011	8.875000e-08	1.800000e+00	0.000000e+00	1.800000e+00	
1012	8.885000e-08	1.800000e+00	0.000000e+00	1.800000e+00	
1013	8.895000e-08	1.800000e+00	0.000000e+00	1.800000e+00	
1014	8.905000e-08	1.800000e+00	0.000000e+00	1.800000e+00	
1015	8.915000e-08	1.800000e+00	0.000000e+00	1.800000e+00	
1016	8.925000e-08	1.800000e+00	0.000000e+00	1.800000e+00	
1017	8.935000e-08	1.800000e+00	0.000000e+00	1.800000e+00	
1018	8.945000e-08	1.800000e+00	0.000000e+00	1.800000e+00	
1019	8.955000e-08	1.800000e+00	0.000000e+00	1.800000e+00	
1020	8.965000e-08	1.800000e+00	0.000000e+00	1.800000e+00	
1021	8.975000e-08	1.800000e+00	0.000000e+00	1.800000e+00	
1022	8.985000e-08	1.800000e+00	0.000000e+00	1.800000e+00	
1023	8.992500e-08	1.800000e+00	0.000000e+00	1.800000e+00	
1024	9.000000e-08	1.800000e+00	0.000000e+00	1.800000e+00	
1025	9.001000e-08	1.800000e+00	1.800000e-02	1.800000e+00	
1026	9.003000e-08	1.800000e+00	5.400000e-02	1.800000e+00	
1027	9.007000e-08	1.800000e+00	1.260000e-01	1.800000e+00	
1028	9.015000e-08	1.800000e+00	2.700000e-01	1.800000e+00	
1029	9.025000e-08	1.800000e+00	4.500000e-01	1.800000e+00	
1030	9.035000e-08	1.800000e+00	6.300000e-01	1.800000e+00	
1031	9.045000e-08	1.800000e+00	8.100000e-01	1.800000e+00	
1032	9.055000e-08	1.800000e+00	9.900000e-01	8.889041e-03	
1033	9.065000e-08	1.800000e+00	1.170000e+00	2.290216e-08	
1034	9.075000e-08	1.800000e+00	1.350000e+00	1.371932e-08	
1035	9.085000e-08	1.800000e+00	1.530000e+00	1.594241e-08	
1036	9.092500e-08	1.800000e+00	1.665000e+00	1.467126e-08	
1037	9.100000e-08	1.800000e+00	1.800000e+00	1.371212e-08	
1038	9.101000e-08	1.782000e+00	1.800000e+00	1.371006e-08	
1039	9.103000e-08	1.746000e+00	1.800000e+00	1.371212e-08	
1040	9.107000e-08	1.674000e+00	1.800000e+00	1.371212e-08	

Index   time            v(d_in)         v(clk_in)       v(q1)           
--------------------------------------------------------------------------------
1041	9.115000e-08	1.530000e+00	1.800000e+00	1.371212e-08	
1042	9.125000e-08	1.350000e+00	1.800000e+00	1.371212e-08	
1043	9.135000e-08	1.170000e+00	1.800000e+00	1.371212e-08	
1044	9.145000e-08	9.900000e-01	1.800000e+00	1.371212e-08	
1045	9.155000e-08	8.100000e-01	1.800000e+00	1.800000e+00	
1046	9.165000e-08	6.300000e-01	1.800000e+00	1.800000e+00	
1047	9.175000e-08	4.500000e-01	1.800000e+00	1.800000e+00	
1048	9.185000e-08	2.700000e-01	1.800000e+00	1.800000e+00	
1049	9.192500e-08	1.350000e-01	1.800000e+00	1.800000e+00	
1050	9.200000e-08	0.000000e+00	1.800000e+00	1.800000e+00	
1051	9.201000e-08	0.000000e+00	1.800000e+00	1.800000e+00	
1052	9.203000e-08	0.000000e+00	1.800000e+00	1.800000e+00	
1053	9.207000e-08	0.000000e+00	1.800000e+00	1.800000e+00	
1054	9.215000e-08	0.000000e+00	1.800000e+00	1.800000e+00	
1055	9.225000e-08	0.000000e+00	1.800000e+00	1.800000e+00	
1056	9.235000e-08	0.000000e+00	1.800000e+00	1.800000e+00	
1057	9.245000e-08	0.000000e+00	1.800000e+00	1.800000e+00	
1058	9.255000e-08	0.000000e+00	1.800000e+00	1.800000e+00	
1059	9.265000e-08	0.000000e+00	1.800000e+00	1.800000e+00	
1060	9.275000e-08	0.000000e+00	1.800000e+00	1.800000e+00	
1061	9.285000e-08	0.000000e+00	1.800000e+00	1.800000e+00	
1062	9.295000e-08	0.000000e+00	1.800000e+00	1.800000e+00	
1063	9.305000e-08	0.000000e+00	1.800000e+00	1.800000e+00	
1064	9.315000e-08	0.000000e+00	1.800000e+00	1.800000e+00	
1065	9.325000e-08	0.000000e+00	1.800000e+00	1.800000e+00	
1066	9.335000e-08	0.000000e+00	1.800000e+00	1.800000e+00	
1067	9.345000e-08	0.000000e+00	1.800000e+00	1.800000e+00	
1068	9.355000e-08	0.000000e+00	1.800000e+00	1.800000e+00	
1069	9.365000e-08	0.000000e+00	1.800000e+00	1.800000e+00	
1070	9.375000e-08	0.000000e+00	1.800000e+00	1.800000e+00	
1071	9.385000e-08	0.000000e+00	1.800000e+00	1.800000e+00	
1072	9.395000e-08	0.000000e+00	1.800000e+00	1.800000e+00	
1073	9.405000e-08	0.000000e+00	1.800000e+00	1.800000e+00	
1074	9.415000e-08	0.000000e+00	1.800000e+00	1.800000e+00	
1075	9.425000e-08	0.000000e+00	1.800000e+00	1.800000e+00	
1076	9.435000e-08	0.000000e+00	1.800000e+00	1.800000e+00	
1077	9.445000e-08	0.000000e+00	1.800000e+00	1.800000e+00	
1078	9.455000e-08	0.000000e+00	1.800000e+00	1.800000e+00	
1079	9.465000e-08	0.000000e+00	1.800000e+00	1.800000e+00	
1080	9.475000e-08	0.000000e+00	1.800000e+00	1.800000e+00	
1081	9.485000e-08	0.000000e+00	1.800000e+00	1.800000e+00	
1082	9.495000e-08	0.000000e+00	1.800000e+00	1.800000e+00	
1083	9.505000e-08	0.000000e+00	1.800000e+00	1.800000e+00	
1084	9.515000e-08	0.000000e+00	1.800000e+00	1.800000e+00	
1085	9.525000e-08	0.000000e+00	1.800000e+00	1.800000e+00	
1086	9.535000e-08	0.000000e+00	1.800000e+00	1.800000e+00	
1087	9.545000e-08	0.000000e+00	1.800000e+00	1.800000e+00	
1088	9.555000e-08	0.000000e+00	1.800000e+00	1.800000e+00	
1089	9.565000e-08	0.000000e+00	1.800000e+00	1.800000e+00	
1090	9.575000e-08	0.000000e+00	1.800000e+00	1.800000e+00	
1091	9.585000e-08	0.000000e+00	1.800000e+00	1.800000e+00	
1092	9.592500e-08	0.000000e+00	1.800000e+00	1.800000e+00	
1093	9.600000e-08	0.000000e+00	1.800000e+00	1.800000e+00	
1094	9.601000e-08	0.000000e+00	1.782000e+00	1.800000e+00	
1095	9.603000e-08	0.000000e+00	1.746000e+00	1.800000e+00	
1096	9.607000e-08	0.000000e+00	1.674000e+00	1.800000e+00	
1097	9.615000e-08	0.000000e+00	1.530000e+00	1.800000e+00	
1098	9.625000e-08	0.000000e+00	1.350000e+00	1.800000e+00	

Index   time            v(d_in)         v(clk_in)       v(q1)           
--------------------------------------------------------------------------------
1099	9.635000e-08	0.000000e+00	1.170000e+00	1.800000e+00	
1100	9.645000e-08	0.000000e+00	9.900000e-01	1.800000e+00	
1101	9.655000e-08	0.000000e+00	8.100000e-01	1.800000e+00	
1102	9.665000e-08	0.000000e+00	6.300000e-01	1.800000e+00	
1103	9.675000e-08	0.000000e+00	4.500000e-01	1.800000e+00	
1104	9.685000e-08	0.000000e+00	2.700000e-01	1.800000e+00	
1105	9.692500e-08	0.000000e+00	1.350000e-01	1.800000e+00	
1106	9.700000e-08	0.000000e+00	6.439294e-15	1.800000e+00	
1107	9.701000e-08	0.000000e+00	0.000000e+00	1.800000e+00	
1108	9.703000e-08	0.000000e+00	0.000000e+00	1.800000e+00	
1109	9.707000e-08	0.000000e+00	0.000000e+00	1.800000e+00	
1110	9.715000e-08	0.000000e+00	0.000000e+00	1.800000e+00	
1111	9.725000e-08	0.000000e+00	0.000000e+00	1.800000e+00	
1112	9.735000e-08	0.000000e+00	0.000000e+00	1.800000e+00	
1113	9.745000e-08	0.000000e+00	0.000000e+00	1.800000e+00	
1114	9.755000e-08	0.000000e+00	0.000000e+00	1.800000e+00	
1115	9.765000e-08	0.000000e+00	0.000000e+00	1.800000e+00	
1116	9.775000e-08	0.000000e+00	0.000000e+00	1.800000e+00	
1117	9.785000e-08	0.000000e+00	0.000000e+00	1.800000e+00	
1118	9.795000e-08	0.000000e+00	0.000000e+00	1.800000e+00	
1119	9.805000e-08	0.000000e+00	0.000000e+00	1.800000e+00	
1120	9.815000e-08	0.000000e+00	0.000000e+00	1.800000e+00	
1121	9.825000e-08	0.000000e+00	0.000000e+00	1.800000e+00	
1122	9.835000e-08	0.000000e+00	0.000000e+00	1.800000e+00	
1123	9.845000e-08	0.000000e+00	0.000000e+00	1.800000e+00	
1124	9.855000e-08	0.000000e+00	0.000000e+00	1.800000e+00	
1125	9.865000e-08	0.000000e+00	0.000000e+00	1.800000e+00	
1126	9.875000e-08	0.000000e+00	0.000000e+00	1.800000e+00	
1127	9.885000e-08	0.000000e+00	0.000000e+00	1.800000e+00	
1128	9.895000e-08	0.000000e+00	0.000000e+00	1.800000e+00	
1129	9.905000e-08	0.000000e+00	0.000000e+00	1.800000e+00	
1130	9.915000e-08	0.000000e+00	0.000000e+00	1.800000e+00	
1131	9.925000e-08	0.000000e+00	0.000000e+00	1.800000e+00	
1132	9.935000e-08	0.000000e+00	0.000000e+00	1.800000e+00	
1133	9.945000e-08	0.000000e+00	0.000000e+00	1.800000e+00	
1134	9.955000e-08	0.000000e+00	0.000000e+00	1.800000e+00	
1135	9.965000e-08	0.000000e+00	0.000000e+00	1.800000e+00	
1136	9.975000e-08	0.000000e+00	0.000000e+00	1.800000e+00	
1137	9.985000e-08	0.000000e+00	0.000000e+00	1.800000e+00	
1138	9.992500e-08	0.000000e+00	0.000000e+00	1.800000e+00	
1139	1.000000e-07	0.000000e+00	0.000000e+00	1.800000e+00	

            * test circuit with dff instantiation - simulation ready
            Transient Analysis  Sat Feb 28 18:58:52  2026
--------------------------------------------------------------------------------
Index   time            v(qb1)          v(q2)           v(qb2)          
--------------------------------------------------------------------------------
0	0.000000e+00	1.800000e+00	1.800000e+00	1.800000e+00	
1	1.000000e-12	1.800000e+00	1.800000e+00	1.800000e+00	
2	2.000000e-12	1.800000e+00	1.800000e+00	1.800000e+00	
3	4.000000e-12	1.800000e+00	1.800000e+00	1.800000e+00	
4	8.000000e-12	1.800000e+00	1.800000e+00	1.800000e+00	
5	1.600000e-11	1.800000e+00	1.800000e+00	1.800000e+00	
6	3.200000e-11	1.800000e+00	1.800000e+00	1.800000e+00	
7	6.400000e-11	1.800000e+00	1.800000e+00	1.800000e+00	
8	1.280000e-10	1.800000e+00	1.800000e+00	1.800000e+00	
9	2.280000e-10	1.800000e+00	1.800000e+00	1.800000e+00	
10	3.280000e-10	1.800000e+00	1.800000e+00	1.800000e+00	
11	4.280000e-10	1.800000e+00	1.776615e+00	1.800000e+00	
12	5.280000e-10	1.800288e+00	1.800000e+00	1.882403e-02	
13	6.280000e-10	1.800000e+00	1.800000e+00	2.180555e-08	
14	7.280000e-10	1.800000e+00	1.800000e+00	1.921133e-08	
15	8.280000e-10	1.800000e+00	1.800000e+00	1.639764e-08	
16	9.140000e-10	1.800000e+00	1.800000e+00	1.483497e-08	
17	1.000000e-09	1.800000e+00	1.800000e+00	1.371212e-08	
18	1.010000e-09	1.800000e+00	1.800000e+00	1.371002e-08	
19	1.030000e-09	1.800000e+00	1.800000e+00	1.371212e-08	
20	1.070000e-09	1.800000e+00	1.800000e+00	1.371212e-08	
21	1.150000e-09	1.800000e+00	1.800000e+00	1.371212e-08	
22	1.250000e-09	1.800000e+00	1.800000e+00	1.371212e-08	
23	1.350000e-09	1.800000e+00	1.800000e+00	1.371212e-08	
24	1.450000e-09	1.800000e+00	1.800000e+00	1.371212e-08	
25	1.550000e-09	1.800000e+00	1.800000e+00	1.371212e-08	
26	1.650000e-09	1.800000e+00	1.800000e+00	1.371212e-08	
27	1.750000e-09	1.800000e+00	1.800000e+00	1.371212e-08	
28	1.850000e-09	1.800000e+00	1.800000e+00	1.371212e-08	
29	1.950000e-09	1.800000e+00	1.800000e+00	1.371212e-08	
30	2.050000e-09	1.800000e+00	1.800000e+00	1.371212e-08	
31	2.150000e-09	1.800000e+00	1.800000e+00	1.371212e-08	
32	2.250000e-09	1.800000e+00	1.800000e+00	1.371212e-08	
33	2.350000e-09	1.800000e+00	1.800000e+00	1.371212e-08	
34	2.450000e-09	1.800000e+00	1.800000e+00	1.371212e-08	
35	2.550000e-09	1.800000e+00	1.800000e+00	1.371212e-08	
36	2.650000e-09	1.800000e+00	1.800000e+00	1.371212e-08	
37	2.750000e-09	1.800000e+00	1.800000e+00	1.371212e-08	
38	2.850000e-09	1.800000e+00	1.800000e+00	1.371212e-08	
39	2.950000e-09	1.800000e+00	1.800000e+00	1.371212e-08	
40	3.050000e-09	1.800000e+00	1.800000e+00	1.371212e-08	
41	3.150000e-09	1.800000e+00	1.800000e+00	1.371212e-08	
42	3.250000e-09	1.800000e+00	1.800000e+00	1.371212e-08	
43	3.350000e-09	1.800000e+00	1.800000e+00	1.371212e-08	
44	3.450000e-09	1.800000e+00	1.800000e+00	1.371212e-08	
45	3.550000e-09	1.800000e+00	1.800000e+00	1.371212e-08	
46	3.650000e-09	1.800000e+00	1.800000e+00	1.371212e-08	
47	3.750000e-09	1.800000e+00	1.800000e+00	1.371212e-08	
48	3.850000e-09	1.800000e+00	1.800000e+00	1.371212e-08	
49	3.950000e-09	1.800000e+00	1.800000e+00	1.371212e-08	
50	4.050000e-09	1.800000e+00	1.800000e+00	1.371212e-08	
51	4.150000e-09	1.800000e+00	1.800000e+00	1.371212e-08	
52	4.250000e-09	1.800000e+00	1.800000e+00	1.371212e-08	
53	4.350000e-09	1.800000e+00	1.800000e+00	1.371212e-08	
54	4.450000e-09	1.800000e+00	1.800000e+00	1.371212e-08	

Index   time            v(qb1)          v(q2)           v(qb2)          
--------------------------------------------------------------------------------
55	4.550000e-09	1.800000e+00	1.800000e+00	1.371212e-08	
56	4.650000e-09	1.800000e+00	1.800000e+00	1.371212e-08	
57	4.750000e-09	1.800000e+00	1.800000e+00	1.371212e-08	
58	4.850000e-09	1.800000e+00	1.800000e+00	1.371212e-08	
59	4.950000e-09	1.800000e+00	1.800000e+00	1.371212e-08	
60	5.050000e-09	1.800000e+00	1.800000e+00	1.371212e-08	
61	5.150000e-09	1.800000e+00	1.800000e+00	1.371212e-08	
62	5.250000e-09	1.800000e+00	1.800000e+00	1.371212e-08	
63	5.350000e-09	1.800000e+00	1.800000e+00	1.371212e-08	
64	5.450000e-09	1.800000e+00	1.800000e+00	1.371212e-08	
65	5.550000e-09	1.800000e+00	1.800000e+00	1.371212e-08	
66	5.650000e-09	1.800000e+00	1.800000e+00	1.371212e-08	
67	5.750000e-09	1.800000e+00	1.800000e+00	1.371212e-08	
68	5.850000e-09	1.800000e+00	1.800000e+00	1.371212e-08	
69	5.925000e-09	1.800000e+00	1.800000e+00	1.371212e-08	
70	6.000000e-09	1.800000e+00	1.800000e+00	1.371212e-08	
71	6.010000e-09	1.800000e+00	1.800000e+00	1.382431e-08	
72	6.030000e-09	1.800000e+00	1.800000e+00	1.406607e-08	
73	6.070000e-09	1.800000e+00	1.800000e+00	1.459904e-08	
74	6.150000e-09	1.800000e+00	1.800000e+00	1.594241e-08	
75	6.250000e-09	1.800000e+00	1.800000e+00	1.845862e-08	
76	6.350000e-09	1.800000e+00	1.800000e+00	2.290216e-08	
77	6.450000e-09	1.800000e+00	1.800000e+00	8.889026e-03	
78	6.550000e-09	1.800000e+00	1.800000e+00	1.728632e+00	
79	6.650000e-09	1.800000e+00	1.800000e+00	1.800000e+00	
80	6.750000e-09	1.800000e+00	1.800000e+00	1.800000e+00	
81	6.850000e-09	1.800000e+00	1.800000e+00	1.800000e+00	
82	6.925000e-09	1.800000e+00	1.800000e+00	1.800000e+00	
83	7.000000e-09	1.800000e+00	1.800000e+00	1.800000e+00	
84	7.010000e-09	1.800000e+00	1.800000e+00	1.800000e+00	
85	7.030000e-09	1.800000e+00	1.800000e+00	1.800000e+00	
86	7.070000e-09	1.800000e+00	1.800000e+00	1.800000e+00	
87	7.150000e-09	1.800000e+00	1.800000e+00	1.800000e+00	
88	7.250000e-09	1.800000e+00	1.800000e+00	1.800000e+00	
89	7.350000e-09	1.800000e+00	1.800000e+00	1.800000e+00	
90	7.450000e-09	1.800000e+00	1.800000e+00	1.800000e+00	
91	7.550000e-09	1.800000e+00	1.800000e+00	1.800000e+00	
92	7.650000e-09	1.800000e+00	1.800000e+00	1.800000e+00	
93	7.750000e-09	1.800000e+00	1.800000e+00	1.800000e+00	
94	7.850000e-09	1.800000e+00	1.800000e+00	1.800000e+00	
95	7.950000e-09	1.800000e+00	1.800000e+00	1.800000e+00	
96	8.050000e-09	1.800000e+00	1.800000e+00	1.800000e+00	
97	8.150000e-09	1.800000e+00	1.800000e+00	1.800000e+00	
98	8.250000e-09	1.800000e+00	1.800000e+00	1.800000e+00	
99	8.350000e-09	1.800000e+00	1.800000e+00	1.800000e+00	
100	8.450000e-09	1.800000e+00	1.800000e+00	1.800000e+00	
101	8.550000e-09	1.800000e+00	1.800000e+00	1.800000e+00	
102	8.650000e-09	1.800000e+00	1.800000e+00	1.800000e+00	
103	8.750000e-09	1.800000e+00	1.800000e+00	1.800000e+00	
104	8.850000e-09	1.800000e+00	1.800000e+00	1.800000e+00	
105	8.950000e-09	1.800000e+00	1.800000e+00	1.800000e+00	
106	9.050000e-09	1.800000e+00	1.800000e+00	1.800000e+00	
107	9.150000e-09	1.800000e+00	1.800000e+00	1.800000e+00	
108	9.250000e-09	1.800000e+00	1.800000e+00	1.800000e+00	
109	9.350000e-09	1.800000e+00	1.800000e+00	1.800000e+00	
110	9.450000e-09	1.800000e+00	1.800000e+00	1.800000e+00	
111	9.550000e-09	1.800000e+00	1.800000e+00	1.800000e+00	
112	9.650000e-09	1.800000e+00	1.800000e+00	1.800000e+00	

Index   time            v(qb1)          v(q2)           v(qb2)          
--------------------------------------------------------------------------------
113	9.750000e-09	1.800000e+00	1.800000e+00	1.800000e+00	
114	9.850000e-09	1.800000e+00	1.800000e+00	1.800000e+00	
115	9.925000e-09	1.800000e+00	1.800000e+00	1.800000e+00	
116	1.000000e-08	1.800000e+00	1.800000e+00	1.800000e+00	
117	1.001000e-08	1.800000e+00	1.800000e+00	1.800000e+00	
118	1.003000e-08	1.800000e+00	1.800000e+00	1.800000e+00	
119	1.007000e-08	1.800000e+00	1.800000e+00	1.800000e+00	
120	1.015000e-08	1.800000e+00	1.800000e+00	1.800000e+00	
121	1.025000e-08	1.800000e+00	1.800000e+00	1.800000e+00	
122	1.035000e-08	1.800000e+00	1.800000e+00	1.800000e+00	
123	1.045000e-08	1.728632e+00	1.800000e+00	1.728634e+00	
124	1.055000e-08	1.800000e+00	1.800000e+00	8.889041e-03	
125	1.065000e-08	1.800000e+00	1.800000e+00	2.290216e-08	
126	1.075000e-08	1.800000e+00	1.800000e+00	1.371932e-08	
127	1.085000e-08	1.800000e+00	1.800000e+00	1.594241e-08	
128	1.092500e-08	1.800000e+00	1.800000e+00	1.467126e-08	
129	1.100000e-08	1.800000e+00	1.800000e+00	1.371212e-08	
130	1.101000e-08	1.800000e+00	1.800000e+00	1.371006e-08	
131	1.103000e-08	1.800000e+00	1.800000e+00	1.371212e-08	
132	1.107000e-08	1.800000e+00	1.800000e+00	1.371212e-08	
133	1.115000e-08	1.800000e+00	1.800000e+00	1.371212e-08	
134	1.125000e-08	1.800000e+00	1.800000e+00	1.371212e-08	
135	1.135000e-08	1.800000e+00	1.800000e+00	1.371212e-08	
136	1.145000e-08	1.800000e+00	1.800000e+00	1.371212e-08	
137	1.155000e-08	1.371212e-08	1.371212e-08	1.800000e+00	
138	1.165000e-08	1.219705e-08	1.196112e-08	1.800000e+00	
139	1.175000e-08	1.371212e-08	1.371212e-08	1.800000e+00	
140	1.185000e-08	1.371212e-08	1.371212e-08	1.800000e+00	
141	1.192500e-08	1.371212e-08	1.371212e-08	1.800000e+00	
142	1.200000e-08	1.371212e-08	1.371212e-08	1.800000e+00	
143	1.201000e-08	1.371212e-08	1.371212e-08	1.800000e+00	
144	1.203000e-08	1.371212e-08	1.371212e-08	1.800000e+00	
145	1.207000e-08	1.371212e-08	1.371212e-08	1.800000e+00	
146	1.215000e-08	1.371212e-08	1.371212e-08	1.800000e+00	
147	1.225000e-08	1.371212e-08	1.371212e-08	1.800000e+00	
148	1.235000e-08	1.371212e-08	1.371212e-08	1.800000e+00	
149	1.245000e-08	1.371212e-08	1.371212e-08	1.800000e+00	
150	1.255000e-08	1.371212e-08	1.371212e-08	1.800000e+00	
151	1.265000e-08	1.371212e-08	1.371212e-08	1.800000e+00	
152	1.275000e-08	1.371212e-08	1.371212e-08	1.800000e+00	
153	1.285000e-08	1.371212e-08	1.371212e-08	1.800000e+00	
154	1.295000e-08	1.371212e-08	1.371212e-08	1.800000e+00	
155	1.305000e-08	1.371212e-08	1.371212e-08	1.800000e+00	
156	1.315000e-08	1.371212e-08	1.371212e-08	1.800000e+00	
157	1.325000e-08	1.371212e-08	1.371212e-08	1.800000e+00	
158	1.335000e-08	1.371212e-08	1.371212e-08	1.800000e+00	
159	1.345000e-08	1.371212e-08	1.371212e-08	1.800000e+00	
160	1.355000e-08	1.371212e-08	1.371212e-08	1.800000e+00	
161	1.365000e-08	1.371212e-08	1.371212e-08	1.800000e+00	
162	1.375000e-08	1.371212e-08	1.371212e-08	1.800000e+00	
163	1.385000e-08	1.371212e-08	1.371212e-08	1.800000e+00	
164	1.395000e-08	1.371212e-08	1.371212e-08	1.800000e+00	
165	1.405000e-08	1.371212e-08	1.371212e-08	1.800000e+00	
166	1.415000e-08	1.371212e-08	1.371212e-08	1.800000e+00	
167	1.425000e-08	1.371212e-08	1.371212e-08	1.800000e+00	
168	1.435000e-08	1.371212e-08	1.371212e-08	1.800000e+00	
169	1.445000e-08	1.371212e-08	1.371212e-08	1.800000e+00	
170	1.455000e-08	1.371212e-08	1.371212e-08	1.800000e+00	

Index   time            v(qb1)          v(q2)           v(qb2)          
--------------------------------------------------------------------------------
171	1.465000e-08	1.371212e-08	1.371212e-08	1.800000e+00	
172	1.475000e-08	1.371212e-08	1.371212e-08	1.800000e+00	
173	1.485000e-08	1.371212e-08	1.371212e-08	1.800000e+00	
174	1.495000e-08	1.371212e-08	1.371212e-08	1.800000e+00	
175	1.505000e-08	1.371212e-08	1.371212e-08	1.800000e+00	
176	1.515000e-08	1.371212e-08	1.371212e-08	1.800000e+00	
177	1.525000e-08	1.371212e-08	1.371212e-08	1.800000e+00	
178	1.535000e-08	1.371212e-08	1.371212e-08	1.800000e+00	
179	1.545000e-08	1.371212e-08	1.371212e-08	1.800000e+00	
180	1.555000e-08	1.371212e-08	1.371212e-08	1.800000e+00	
181	1.565000e-08	1.371212e-08	1.371212e-08	1.800000e+00	
182	1.575000e-08	1.371212e-08	1.371212e-08	1.800000e+00	
183	1.585000e-08	1.371212e-08	1.371212e-08	1.800000e+00	
184	1.592500e-08	1.371212e-08	1.371212e-08	1.800000e+00	
185	1.600000e-08	1.371212e-08	1.371212e-08	1.800000e+00	
186	1.601000e-08	1.382431e-08	1.382431e-08	1.800000e+00	
187	1.603000e-08	1.406607e-08	1.406607e-08	1.800000e+00	
188	1.607000e-08	1.459904e-08	1.459904e-08	1.800000e+00	
189	1.615000e-08	1.594241e-08	1.594241e-08	1.800000e+00	
190	1.625000e-08	1.845862e-08	1.845862e-08	1.800000e+00	
191	1.635000e-08	2.290216e-08	2.290216e-08	1.800000e+00	
192	1.645000e-08	8.889026e-03	8.889026e-03	1.800000e+00	
193	1.655000e-08	1.728632e+00	1.728632e+00	1.800000e+00	
194	1.665000e-08	1.800000e+00	1.800000e+00	1.800000e+00	
195	1.675000e-08	1.800000e+00	1.800000e+00	1.800000e+00	
196	1.685000e-08	1.800000e+00	1.800000e+00	1.800000e+00	
197	1.692500e-08	1.800000e+00	1.800000e+00	1.800000e+00	
198	1.700000e-08	1.800000e+00	1.800000e+00	1.800000e+00	
199	1.701000e-08	1.800000e+00	1.800000e+00	1.800000e+00	
200	1.703000e-08	1.800000e+00	1.800000e+00	1.800000e+00	
201	1.707000e-08	1.800000e+00	1.800000e+00	1.800000e+00	
202	1.715000e-08	1.800000e+00	1.800000e+00	1.800000e+00	
203	1.725000e-08	1.800000e+00	1.800000e+00	1.800000e+00	
204	1.735000e-08	1.800000e+00	1.800000e+00	1.800000e+00	
205	1.745000e-08	1.800000e+00	1.800000e+00	1.800000e+00	
206	1.755000e-08	1.800000e+00	1.800000e+00	1.800000e+00	
207	1.765000e-08	1.800000e+00	1.800000e+00	1.800000e+00	
208	1.775000e-08	1.800000e+00	1.800000e+00	1.800000e+00	
209	1.785000e-08	1.800000e+00	1.800000e+00	1.800000e+00	
210	1.795000e-08	1.800000e+00	1.800000e+00	1.800000e+00	
211	1.805000e-08	1.800000e+00	1.800000e+00	1.800000e+00	
212	1.815000e-08	1.800000e+00	1.800000e+00	1.800000e+00	
213	1.825000e-08	1.800000e+00	1.800000e+00	1.800000e+00	
214	1.835000e-08	1.800000e+00	1.800000e+00	1.800000e+00	
215	1.845000e-08	1.800000e+00	1.800000e+00	1.800000e+00	
216	1.855000e-08	1.800000e+00	1.800000e+00	1.800000e+00	
217	1.865000e-08	1.800000e+00	1.800000e+00	1.800000e+00	
218	1.875000e-08	1.800000e+00	1.800000e+00	1.800000e+00	
219	1.885000e-08	1.800000e+00	1.800000e+00	1.800000e+00	
220	1.895000e-08	1.800000e+00	1.800000e+00	1.800000e+00	
221	1.905000e-08	1.800000e+00	1.800000e+00	1.800000e+00	
222	1.915000e-08	1.800000e+00	1.800000e+00	1.800000e+00	
223	1.925000e-08	1.800000e+00	1.800000e+00	1.800000e+00	
224	1.935000e-08	1.800000e+00	1.800000e+00	1.800000e+00	
225	1.945000e-08	1.800000e+00	1.800000e+00	1.800000e+00	
226	1.955000e-08	1.800000e+00	1.800000e+00	1.800000e+00	
227	1.965000e-08	1.800000e+00	1.800000e+00	1.800000e+00	
228	1.975000e-08	1.800000e+00	1.800000e+00	1.800000e+00	

Index   time            v(qb1)          v(q2)           v(qb2)          
--------------------------------------------------------------------------------
229	1.985000e-08	1.800000e+00	1.800000e+00	1.800000e+00	
230	1.992500e-08	1.800000e+00	1.800000e+00	1.800000e+00	
231	2.000000e-08	1.800000e+00	1.800000e+00	1.800000e+00	
232	2.001000e-08	1.800000e+00	1.800000e+00	1.800000e+00	
233	2.003000e-08	1.800000e+00	1.800000e+00	1.800000e+00	
234	2.007000e-08	1.800000e+00	1.800000e+00	1.800000e+00	
235	2.015000e-08	1.800000e+00	1.800000e+00	1.800000e+00	
236	2.025000e-08	1.800000e+00	1.800000e+00	1.800000e+00	
237	2.035000e-08	1.800000e+00	1.800000e+00	1.800000e+00	
238	2.045000e-08	1.800000e+00	1.800000e+00	1.728632e+00	
239	2.055000e-08	1.800000e+00	1.800000e+00	8.889041e-03	
240	2.065000e-08	1.800000e+00	1.800000e+00	2.290216e-08	
241	2.075000e-08	1.800000e+00	1.800000e+00	1.371932e-08	
242	2.085000e-08	1.800000e+00	1.800000e+00	1.594241e-08	
243	2.092500e-08	1.800000e+00	1.800000e+00	1.467126e-08	
244	2.100000e-08	1.800000e+00	1.800000e+00	1.371212e-08	
245	2.101000e-08	1.800000e+00	1.800000e+00	1.371006e-08	
246	2.103000e-08	1.800000e+00	1.800000e+00	1.371212e-08	
247	2.107000e-08	1.800000e+00	1.800000e+00	1.371212e-08	
248	2.115000e-08	1.800000e+00	1.800000e+00	1.371212e-08	
249	2.125000e-08	1.800000e+00	1.800000e+00	1.371212e-08	
250	2.135000e-08	1.800000e+00	1.800000e+00	1.371212e-08	
251	2.145000e-08	1.800000e+00	1.800000e+00	1.371212e-08	
252	2.155000e-08	1.800000e+00	1.800000e+00	1.371212e-08	
253	2.165000e-08	1.800000e+00	1.800000e+00	1.371212e-08	
254	2.175000e-08	1.800000e+00	1.800000e+00	1.371212e-08	
255	2.185000e-08	1.800000e+00	1.800000e+00	1.371212e-08	
256	2.195000e-08	1.800000e+00	1.800000e+00	1.371212e-08	
257	2.205000e-08	1.800000e+00	1.800000e+00	1.371212e-08	
258	2.215000e-08	1.800000e+00	1.800000e+00	1.371212e-08	
259	2.225000e-08	1.800000e+00	1.800000e+00	1.371212e-08	
260	2.235000e-08	1.800000e+00	1.800000e+00	1.371212e-08	
261	2.245000e-08	1.800000e+00	1.800000e+00	1.371212e-08	
262	2.255000e-08	1.800000e+00	1.800000e+00	1.371212e-08	
263	2.265000e-08	1.800000e+00	1.800000e+00	1.371212e-08	
264	2.275000e-08	1.800000e+00	1.800000e+00	1.371212e-08	
265	2.285000e-08	1.800000e+00	1.800000e+00	1.371212e-08	
266	2.295000e-08	1.800000e+00	1.800000e+00	1.371212e-08	
267	2.305000e-08	1.800000e+00	1.800000e+00	1.371212e-08	
268	2.315000e-08	1.800000e+00	1.800000e+00	1.371212e-08	
269	2.325000e-08	1.800000e+00	1.800000e+00	1.371212e-08	
270	2.335000e-08	1.800000e+00	1.800000e+00	1.371212e-08	
271	2.345000e-08	1.800000e+00	1.800000e+00	1.371212e-08	
272	2.355000e-08	1.800000e+00	1.800000e+00	1.371212e-08	
273	2.365000e-08	1.800000e+00	1.800000e+00	1.371212e-08	
274	2.375000e-08	1.800000e+00	1.800000e+00	1.371212e-08	
275	2.385000e-08	1.800000e+00	1.800000e+00	1.371212e-08	
276	2.395000e-08	1.800000e+00	1.800000e+00	1.371212e-08	
277	2.405000e-08	1.800000e+00	1.800000e+00	1.371212e-08	
278	2.415000e-08	1.800000e+00	1.800000e+00	1.371212e-08	
279	2.425000e-08	1.800000e+00	1.800000e+00	1.371212e-08	
280	2.435000e-08	1.800000e+00	1.800000e+00	1.371212e-08	
281	2.445000e-08	1.800000e+00	1.800000e+00	1.371212e-08	
282	2.455000e-08	1.800000e+00	1.800000e+00	1.371212e-08	
283	2.465000e-08	1.800000e+00	1.800000e+00	1.371212e-08	
284	2.475000e-08	1.800000e+00	1.800000e+00	1.371212e-08	
285	2.485000e-08	1.800000e+00	1.800000e+00	1.371212e-08	
286	2.495000e-08	1.800000e+00	1.800000e+00	1.371212e-08	

Index   time            v(qb1)          v(q2)           v(qb2)          
--------------------------------------------------------------------------------
287	2.505000e-08	1.800000e+00	1.800000e+00	1.371212e-08	
288	2.515000e-08	1.800000e+00	1.800000e+00	1.371212e-08	
289	2.525000e-08	1.800000e+00	1.800000e+00	1.371212e-08	
290	2.535000e-08	1.800000e+00	1.800000e+00	1.371212e-08	
291	2.545000e-08	1.800000e+00	1.800000e+00	1.371212e-08	
292	2.555000e-08	1.800000e+00	1.800000e+00	1.371212e-08	
293	2.565000e-08	1.800000e+00	1.800000e+00	1.371212e-08	
294	2.575000e-08	1.800000e+00	1.800000e+00	1.371212e-08	
295	2.585000e-08	1.800000e+00	1.800000e+00	1.371212e-08	
296	2.592500e-08	1.800000e+00	1.800000e+00	1.371212e-08	
297	2.600000e-08	1.800000e+00	1.800000e+00	1.371212e-08	
298	2.601000e-08	1.800000e+00	1.800000e+00	1.382431e-08	
299	2.603000e-08	1.800000e+00	1.800000e+00	1.406607e-08	
300	2.607000e-08	1.800000e+00	1.800000e+00	1.459904e-08	
301	2.615000e-08	1.800000e+00	1.800000e+00	1.594241e-08	
302	2.625000e-08	1.800000e+00	1.800000e+00	1.845862e-08	
303	2.635000e-08	1.800000e+00	1.800000e+00	2.290216e-08	
304	2.645000e-08	1.800000e+00	1.800000e+00	8.889026e-03	
305	2.655000e-08	1.800000e+00	1.800000e+00	1.728632e+00	
306	2.665000e-08	1.800000e+00	1.800000e+00	1.800000e+00	
307	2.675000e-08	1.800000e+00	1.800000e+00	1.800000e+00	
308	2.685000e-08	1.800000e+00	1.800000e+00	1.800000e+00	
309	2.692500e-08	1.800000e+00	1.800000e+00	1.800000e+00	
310	2.700000e-08	1.800000e+00	1.800000e+00	1.800000e+00	
311	2.701000e-08	1.800000e+00	1.800000e+00	1.800000e+00	
312	2.703000e-08	1.800000e+00	1.800000e+00	1.800000e+00	
313	2.707000e-08	1.800000e+00	1.800000e+00	1.800000e+00	
314	2.715000e-08	1.800000e+00	1.800000e+00	1.800000e+00	
315	2.725000e-08	1.800000e+00	1.800000e+00	1.800000e+00	
316	2.735000e-08	1.800000e+00	1.800000e+00	1.800000e+00	
317	2.745000e-08	1.800000e+00	1.800000e+00	1.800000e+00	
318	2.755000e-08	1.800000e+00	1.800000e+00	1.800000e+00	
319	2.765000e-08	1.800000e+00	1.800000e+00	1.800000e+00	
320	2.775000e-08	1.800000e+00	1.800000e+00	1.800000e+00	
321	2.785000e-08	1.800000e+00	1.800000e+00	1.800000e+00	
322	2.795000e-08	1.800000e+00	1.800000e+00	1.800000e+00	
323	2.805000e-08	1.800000e+00	1.800000e+00	1.800000e+00	
324	2.815000e-08	1.800000e+00	1.800000e+00	1.800000e+00	
325	2.825000e-08	1.800000e+00	1.800000e+00	1.800000e+00	
326	2.835000e-08	1.800000e+00	1.800000e+00	1.800000e+00	
327	2.845000e-08	1.800000e+00	1.800000e+00	1.800000e+00	
328	2.855000e-08	1.800000e+00	1.800000e+00	1.800000e+00	
329	2.865000e-08	1.800000e+00	1.800000e+00	1.800000e+00	
330	2.875000e-08	1.800000e+00	1.800000e+00	1.800000e+00	
331	2.885000e-08	1.800000e+00	1.800000e+00	1.800000e+00	
332	2.895000e-08	1.800000e+00	1.800000e+00	1.800000e+00	
333	2.905000e-08	1.800000e+00	1.800000e+00	1.800000e+00	
334	2.915000e-08	1.800000e+00	1.800000e+00	1.800000e+00	
335	2.925000e-08	1.800000e+00	1.800000e+00	1.800000e+00	
336	2.935000e-08	1.800000e+00	1.800000e+00	1.800000e+00	
337	2.945000e-08	1.800000e+00	1.800000e+00	1.800000e+00	
338	2.955000e-08	1.800000e+00	1.800000e+00	1.800000e+00	
339	2.965000e-08	1.800000e+00	1.800000e+00	1.800000e+00	
340	2.975000e-08	1.800000e+00	1.800000e+00	1.800000e+00	
341	2.985000e-08	1.800000e+00	1.800000e+00	1.800000e+00	
342	2.992500e-08	1.800000e+00	1.800000e+00	1.800000e+00	
343	3.000000e-08	1.800000e+00	1.800000e+00	1.800000e+00	
344	3.001000e-08	1.800000e+00	1.800000e+00	1.800000e+00	

Index   time            v(qb1)          v(q2)           v(qb2)          
--------------------------------------------------------------------------------
345	3.003000e-08	1.800000e+00	1.800000e+00	1.800000e+00	
346	3.007000e-08	1.800000e+00	1.800000e+00	1.800000e+00	
347	3.015000e-08	1.800000e+00	1.800000e+00	1.800000e+00	
348	3.025000e-08	1.800000e+00	1.800000e+00	1.800000e+00	
349	3.035000e-08	1.800000e+00	1.800000e+00	1.800000e+00	
350	3.045000e-08	1.728632e+00	1.800000e+00	1.728634e+00	
351	3.055000e-08	1.800000e+00	1.800000e+00	8.889041e-03	
352	3.065000e-08	1.800000e+00	1.800000e+00	2.290216e-08	
353	3.075000e-08	1.800000e+00	1.800000e+00	1.371932e-08	
354	3.085000e-08	1.800000e+00	1.800000e+00	1.594241e-08	
355	3.092500e-08	1.800000e+00	1.800000e+00	1.467126e-08	
356	3.100000e-08	1.800000e+00	1.800000e+00	1.371212e-08	
357	3.101000e-08	1.800000e+00	1.800000e+00	1.371006e-08	
358	3.103000e-08	1.800000e+00	1.800000e+00	1.371212e-08	
359	3.107000e-08	1.800000e+00	1.800000e+00	1.371212e-08	
360	3.115000e-08	1.800000e+00	1.800000e+00	1.371212e-08	
361	3.125000e-08	1.800000e+00	1.800000e+00	1.371212e-08	
362	3.135000e-08	1.800000e+00	1.800000e+00	1.371212e-08	
363	3.145000e-08	1.800000e+00	1.800000e+00	1.371212e-08	
364	3.155000e-08	1.371212e-08	1.371212e-08	1.800000e+00	
365	3.165000e-08	1.219705e-08	1.196112e-08	1.800000e+00	
366	3.175000e-08	1.371212e-08	1.371212e-08	1.800000e+00	
367	3.185000e-08	1.371212e-08	1.371212e-08	1.800000e+00	
368	3.192500e-08	1.371212e-08	1.371212e-08	1.800000e+00	
369	3.200000e-08	1.371212e-08	1.371212e-08	1.800000e+00	
370	3.201000e-08	1.371212e-08	1.371212e-08	1.800000e+00	
371	3.203000e-08	1.371212e-08	1.371212e-08	1.800000e+00	
372	3.207000e-08	1.371212e-08	1.371212e-08	1.800000e+00	
373	3.215000e-08	1.371212e-08	1.371212e-08	1.800000e+00	
374	3.225000e-08	1.371212e-08	1.371212e-08	1.800000e+00	
375	3.235000e-08	1.371212e-08	1.371212e-08	1.800000e+00	
376	3.245000e-08	1.371212e-08	1.371212e-08	1.800000e+00	
377	3.255000e-08	1.371212e-08	1.371212e-08	1.800000e+00	
378	3.265000e-08	1.371212e-08	1.371212e-08	1.800000e+00	
379	3.275000e-08	1.371212e-08	1.371212e-08	1.800000e+00	
380	3.285000e-08	1.371212e-08	1.371212e-08	1.800000e+00	
381	3.295000e-08	1.371212e-08	1.371212e-08	1.800000e+00	
382	3.305000e-08	1.371212e-08	1.371212e-08	1.800000e+00	
383	3.315000e-08	1.371212e-08	1.371212e-08	1.800000e+00	
384	3.325000e-08	1.371212e-08	1.371212e-08	1.800000e+00	
385	3.335000e-08	1.371212e-08	1.371212e-08	1.800000e+00	
386	3.345000e-08	1.371212e-08	1.371212e-08	1.800000e+00	
387	3.355000e-08	1.371212e-08	1.371212e-08	1.800000e+00	
388	3.365000e-08	1.371212e-08	1.371212e-08	1.800000e+00	
389	3.375000e-08	1.371212e-08	1.371212e-08	1.800000e+00	
390	3.385000e-08	1.371212e-08	1.371212e-08	1.800000e+00	
391	3.395000e-08	1.371212e-08	1.371212e-08	1.800000e+00	
392	3.405000e-08	1.371212e-08	1.371212e-08	1.800000e+00	
393	3.415000e-08	1.371212e-08	1.371212e-08	1.800000e+00	
394	3.425000e-08	1.371212e-08	1.371212e-08	1.800000e+00	
395	3.435000e-08	1.371212e-08	1.371212e-08	1.800000e+00	
396	3.445000e-08	1.371212e-08	1.371212e-08	1.800000e+00	
397	3.455000e-08	1.371212e-08	1.371212e-08	1.800000e+00	
398	3.465000e-08	1.371212e-08	1.371212e-08	1.800000e+00	
399	3.475000e-08	1.371212e-08	1.371212e-08	1.800000e+00	
400	3.485000e-08	1.371212e-08	1.371212e-08	1.800000e+00	
401	3.495000e-08	1.371212e-08	1.371212e-08	1.800000e+00	
402	3.505000e-08	1.371212e-08	1.371212e-08	1.800000e+00	

Index   time            v(qb1)          v(q2)           v(qb2)          
--------------------------------------------------------------------------------
403	3.515000e-08	1.371212e-08	1.371212e-08	1.800000e+00	
404	3.525000e-08	1.371212e-08	1.371212e-08	1.800000e+00	
405	3.535000e-08	1.371212e-08	1.371212e-08	1.800000e+00	
406	3.545000e-08	1.371212e-08	1.371212e-08	1.800000e+00	
407	3.555000e-08	1.371212e-08	1.371212e-08	1.800000e+00	
408	3.565000e-08	1.371212e-08	1.371212e-08	1.800000e+00	
409	3.575000e-08	1.371212e-08	1.371212e-08	1.800000e+00	
410	3.585000e-08	1.371212e-08	1.371212e-08	1.800000e+00	
411	3.592500e-08	1.371212e-08	1.371212e-08	1.800000e+00	
412	3.600000e-08	1.371212e-08	1.371212e-08	1.800000e+00	
413	3.601000e-08	1.382431e-08	1.382431e-08	1.800000e+00	
414	3.603000e-08	1.406607e-08	1.406607e-08	1.800000e+00	
415	3.607000e-08	1.459904e-08	1.459904e-08	1.800000e+00	
416	3.615000e-08	1.594241e-08	1.594241e-08	1.800000e+00	
417	3.625000e-08	1.845862e-08	1.845862e-08	1.800000e+00	
418	3.635000e-08	2.290216e-08	2.290216e-08	1.800000e+00	
419	3.645000e-08	8.889026e-03	8.889026e-03	1.800000e+00	
420	3.655000e-08	1.728632e+00	1.728632e+00	1.800000e+00	
421	3.665000e-08	1.800000e+00	1.800000e+00	1.800000e+00	
422	3.675000e-08	1.800000e+00	1.800000e+00	1.800000e+00	
423	3.685000e-08	1.800000e+00	1.800000e+00	1.800000e+00	
424	3.692500e-08	1.800000e+00	1.800000e+00	1.800000e+00	
425	3.700000e-08	1.800000e+00	1.800000e+00	1.800000e+00	
426	3.701000e-08	1.800000e+00	1.800000e+00	1.800000e+00	
427	3.703000e-08	1.800000e+00	1.800000e+00	1.800000e+00	
428	3.707000e-08	1.800000e+00	1.800000e+00	1.800000e+00	
429	3.715000e-08	1.800000e+00	1.800000e+00	1.800000e+00	
430	3.725000e-08	1.800000e+00	1.800000e+00	1.800000e+00	
431	3.735000e-08	1.800000e+00	1.800000e+00	1.800000e+00	
432	3.745000e-08	1.800000e+00	1.800000e+00	1.800000e+00	
433	3.755000e-08	1.800000e+00	1.800000e+00	1.800000e+00	
434	3.765000e-08	1.800000e+00	1.800000e+00	1.800000e+00	
435	3.775000e-08	1.800000e+00	1.800000e+00	1.800000e+00	
436	3.785000e-08	1.800000e+00	1.800000e+00	1.800000e+00	
437	3.795000e-08	1.800000e+00	1.800000e+00	1.800000e+00	
438	3.805000e-08	1.800000e+00	1.800000e+00	1.800000e+00	
439	3.815000e-08	1.800000e+00	1.800000e+00	1.800000e+00	
440	3.825000e-08	1.800000e+00	1.800000e+00	1.800000e+00	
441	3.835000e-08	1.800000e+00	1.800000e+00	1.800000e+00	
442	3.845000e-08	1.800000e+00	1.800000e+00	1.800000e+00	
443	3.855000e-08	1.800000e+00	1.800000e+00	1.800000e+00	
444	3.865000e-08	1.800000e+00	1.800000e+00	1.800000e+00	
445	3.875000e-08	1.800000e+00	1.800000e+00	1.800000e+00	
446	3.885000e-08	1.800000e+00	1.800000e+00	1.800000e+00	
447	3.895000e-08	1.800000e+00	1.800000e+00	1.800000e+00	
448	3.905000e-08	1.800000e+00	1.800000e+00	1.800000e+00	
449	3.915000e-08	1.800000e+00	1.800000e+00	1.800000e+00	
450	3.925000e-08	1.800000e+00	1.800000e+00	1.800000e+00	
451	3.935000e-08	1.800000e+00	1.800000e+00	1.800000e+00	
452	3.945000e-08	1.800000e+00	1.800000e+00	1.800000e+00	
453	3.955000e-08	1.800000e+00	1.800000e+00	1.800000e+00	
454	3.965000e-08	1.800000e+00	1.800000e+00	1.800000e+00	
455	3.975000e-08	1.800000e+00	1.800000e+00	1.800000e+00	
456	3.985000e-08	1.800000e+00	1.800000e+00	1.800000e+00	
457	3.992500e-08	1.800000e+00	1.800000e+00	1.800000e+00	
458	4.000000e-08	1.800000e+00	1.800000e+00	1.800000e+00	
459	4.001000e-08	1.800000e+00	1.800000e+00	1.800000e+00	
460	4.003000e-08	1.800000e+00	1.800000e+00	1.800000e+00	

Index   time            v(qb1)          v(q2)           v(qb2)          
--------------------------------------------------------------------------------
461	4.007000e-08	1.800000e+00	1.800000e+00	1.800000e+00	
462	4.015000e-08	1.800000e+00	1.800000e+00	1.800000e+00	
463	4.025000e-08	1.800000e+00	1.800000e+00	1.800000e+00	
464	4.035000e-08	1.800000e+00	1.800000e+00	1.800000e+00	
465	4.045000e-08	1.800000e+00	1.800000e+00	1.728632e+00	
466	4.055000e-08	1.800000e+00	1.800000e+00	8.889041e-03	
467	4.065000e-08	1.800000e+00	1.800000e+00	2.290216e-08	
468	4.075000e-08	1.800000e+00	1.800000e+00	1.371932e-08	
469	4.085000e-08	1.800000e+00	1.800000e+00	1.594241e-08	
470	4.092500e-08	1.800000e+00	1.800000e+00	1.467126e-08	
471	4.100000e-08	1.800000e+00	1.800000e+00	1.371212e-08	
472	4.101000e-08	1.800000e+00	1.800000e+00	1.371006e-08	
473	4.103000e-08	1.800000e+00	1.800000e+00	1.371212e-08	
474	4.107000e-08	1.800000e+00	1.800000e+00	1.371212e-08	
475	4.115000e-08	1.800000e+00	1.800000e+00	1.371212e-08	
476	4.125000e-08	1.800000e+00	1.800000e+00	1.371212e-08	
477	4.135000e-08	1.800000e+00	1.800000e+00	1.371212e-08	
478	4.145000e-08	1.800000e+00	1.800000e+00	1.371212e-08	
479	4.155000e-08	1.800000e+00	1.800000e+00	1.371212e-08	
480	4.165000e-08	1.800000e+00	1.800000e+00	1.371212e-08	
481	4.175000e-08	1.800000e+00	1.800000e+00	1.371212e-08	
482	4.185000e-08	1.800000e+00	1.800000e+00	1.371212e-08	
483	4.195000e-08	1.800000e+00	1.800000e+00	1.371212e-08	
484	4.205000e-08	1.800000e+00	1.800000e+00	1.371212e-08	
485	4.215000e-08	1.800000e+00	1.800000e+00	1.371212e-08	
486	4.225000e-08	1.800000e+00	1.800000e+00	1.371212e-08	
487	4.235000e-08	1.800000e+00	1.800000e+00	1.371212e-08	
488	4.245000e-08	1.800000e+00	1.800000e+00	1.371212e-08	
489	4.255000e-08	1.800000e+00	1.800000e+00	1.371212e-08	
490	4.265000e-08	1.800000e+00	1.800000e+00	1.371212e-08	
491	4.275000e-08	1.800000e+00	1.800000e+00	1.371212e-08	
492	4.285000e-08	1.800000e+00	1.800000e+00	1.371212e-08	
493	4.295000e-08	1.800000e+00	1.800000e+00	1.371212e-08	
494	4.305000e-08	1.800000e+00	1.800000e+00	1.371212e-08	
495	4.315000e-08	1.800000e+00	1.800000e+00	1.371212e-08	
496	4.325000e-08	1.800000e+00	1.800000e+00	1.371212e-08	
497	4.335000e-08	1.800000e+00	1.800000e+00	1.371212e-08	
498	4.345000e-08	1.800000e+00	1.800000e+00	1.371212e-08	
499	4.355000e-08	1.800000e+00	1.800000e+00	1.371212e-08	
500	4.365000e-08	1.800000e+00	1.800000e+00	1.371212e-08	
501	4.375000e-08	1.800000e+00	1.800000e+00	1.371212e-08	
502	4.385000e-08	1.800000e+00	1.800000e+00	1.371212e-08	
503	4.395000e-08	1.800000e+00	1.800000e+00	1.371212e-08	
504	4.405000e-08	1.800000e+00	1.800000e+00	1.371212e-08	
505	4.415000e-08	1.800000e+00	1.800000e+00	1.371212e-08	
506	4.425000e-08	1.800000e+00	1.800000e+00	1.371212e-08	
507	4.435000e-08	1.800000e+00	1.800000e+00	1.371212e-08	
508	4.445000e-08	1.800000e+00	1.800000e+00	1.371212e-08	
509	4.455000e-08	1.800000e+00	1.800000e+00	1.371212e-08	
510	4.465000e-08	1.800000e+00	1.800000e+00	1.371212e-08	
511	4.475000e-08	1.800000e+00	1.800000e+00	1.371212e-08	
512	4.485000e-08	1.800000e+00	1.800000e+00	1.371212e-08	
513	4.495000e-08	1.800000e+00	1.800000e+00	1.371212e-08	
514	4.505000e-08	1.800000e+00	1.800000e+00	1.371212e-08	
515	4.515000e-08	1.800000e+00	1.800000e+00	1.371212e-08	
516	4.525000e-08	1.800000e+00	1.800000e+00	1.371212e-08	
517	4.535000e-08	1.800000e+00	1.800000e+00	1.371212e-08	
518	4.545000e-08	1.800000e+00	1.800000e+00	1.371212e-08	

Index   time            v(qb1)          v(q2)           v(qb2)          
--------------------------------------------------------------------------------
519	4.555000e-08	1.800000e+00	1.800000e+00	1.371212e-08	
520	4.565000e-08	1.800000e+00	1.800000e+00	1.371212e-08	
521	4.575000e-08	1.800000e+00	1.800000e+00	1.371212e-08	
522	4.585000e-08	1.800000e+00	1.800000e+00	1.371212e-08	
523	4.592500e-08	1.800000e+00	1.800000e+00	1.371212e-08	
524	4.600000e-08	1.800000e+00	1.800000e+00	1.371212e-08	
525	4.601000e-08	1.800000e+00	1.800000e+00	1.382431e-08	
526	4.603000e-08	1.800000e+00	1.800000e+00	1.406607e-08	
527	4.607000e-08	1.800000e+00	1.800000e+00	1.459904e-08	
528	4.615000e-08	1.800000e+00	1.800000e+00	1.594241e-08	
529	4.625000e-08	1.800000e+00	1.800000e+00	1.845862e-08	
530	4.635000e-08	1.800000e+00	1.800000e+00	2.290216e-08	
531	4.645000e-08	1.800000e+00	1.800000e+00	8.889026e-03	
532	4.655000e-08	1.800000e+00	1.800000e+00	1.728632e+00	
533	4.665000e-08	1.800000e+00	1.800000e+00	1.800000e+00	
534	4.675000e-08	1.800000e+00	1.800000e+00	1.800000e+00	
535	4.685000e-08	1.800000e+00	1.800000e+00	1.800000e+00	
536	4.692500e-08	1.800000e+00	1.800000e+00	1.800000e+00	
537	4.700000e-08	1.800000e+00	1.800000e+00	1.800000e+00	
538	4.701000e-08	1.800000e+00	1.800000e+00	1.800000e+00	
539	4.703000e-08	1.800000e+00	1.800000e+00	1.800000e+00	
540	4.707000e-08	1.800000e+00	1.800000e+00	1.800000e+00	
541	4.715000e-08	1.800000e+00	1.800000e+00	1.800000e+00	
542	4.725000e-08	1.800000e+00	1.800000e+00	1.800000e+00	
543	4.735000e-08	1.800000e+00	1.800000e+00	1.800000e+00	
544	4.745000e-08	1.800000e+00	1.800000e+00	1.800000e+00	
545	4.755000e-08	1.800000e+00	1.800000e+00	1.800000e+00	
546	4.765000e-08	1.800000e+00	1.800000e+00	1.800000e+00	
547	4.775000e-08	1.800000e+00	1.800000e+00	1.800000e+00	
548	4.785000e-08	1.800000e+00	1.800000e+00	1.800000e+00	
549	4.795000e-08	1.800000e+00	1.800000e+00	1.800000e+00	
550	4.805000e-08	1.800000e+00	1.800000e+00	1.800000e+00	
551	4.815000e-08	1.800000e+00	1.800000e+00	1.800000e+00	
552	4.825000e-08	1.800000e+00	1.800000e+00	1.800000e+00	
553	4.835000e-08	1.800000e+00	1.800000e+00	1.800000e+00	
554	4.845000e-08	1.800000e+00	1.800000e+00	1.800000e+00	
555	4.855000e-08	1.800000e+00	1.800000e+00	1.800000e+00	
556	4.865000e-08	1.800000e+00	1.800000e+00	1.800000e+00	
557	4.875000e-08	1.800000e+00	1.800000e+00	1.800000e+00	
558	4.885000e-08	1.800000e+00	1.800000e+00	1.800000e+00	
559	4.895000e-08	1.800000e+00	1.800000e+00	1.800000e+00	
560	4.905000e-08	1.800000e+00	1.800000e+00	1.800000e+00	
561	4.915000e-08	1.800000e+00	1.800000e+00	1.800000e+00	
562	4.925000e-08	1.800000e+00	1.800000e+00	1.800000e+00	
563	4.935000e-08	1.800000e+00	1.800000e+00	1.800000e+00	
564	4.945000e-08	1.800000e+00	1.800000e+00	1.800000e+00	
565	4.955000e-08	1.800000e+00	1.800000e+00	1.800000e+00	
566	4.965000e-08	1.800000e+00	1.800000e+00	1.800000e+00	
567	4.975000e-08	1.800000e+00	1.800000e+00	1.800000e+00	
568	4.985000e-08	1.800000e+00	1.800000e+00	1.800000e+00	
569	4.992500e-08	1.800000e+00	1.800000e+00	1.800000e+00	
570	5.000000e-08	1.800000e+00	1.800000e+00	1.800000e+00	
571	5.001000e-08	1.800000e+00	1.800000e+00	1.800000e+00	
572	5.003000e-08	1.800000e+00	1.800000e+00	1.800000e+00	
573	5.007000e-08	1.800000e+00	1.800000e+00	1.800000e+00	
574	5.015000e-08	1.800000e+00	1.800000e+00	1.800000e+00	
575	5.025000e-08	1.800000e+00	1.800000e+00	1.800000e+00	
576	5.035000e-08	1.800000e+00	1.800000e+00	1.800000e+00	

Index   time            v(qb1)          v(q2)           v(qb2)          
--------------------------------------------------------------------------------
577	5.045000e-08	1.728632e+00	1.800000e+00	1.728634e+00	
578	5.055000e-08	1.800000e+00	1.800000e+00	8.889041e-03	
579	5.065000e-08	1.800000e+00	1.800000e+00	2.290216e-08	
580	5.075000e-08	1.800000e+00	1.800000e+00	1.371932e-08	
581	5.085000e-08	1.800000e+00	1.800000e+00	1.594241e-08	
582	5.092500e-08	1.800000e+00	1.800000e+00	1.467126e-08	
583	5.100000e-08	1.800000e+00	1.800000e+00	1.371212e-08	
584	5.101000e-08	1.800000e+00	1.800000e+00	1.371006e-08	
585	5.103000e-08	1.800000e+00	1.800000e+00	1.371212e-08	
586	5.107000e-08	1.800000e+00	1.800000e+00	1.371212e-08	
587	5.115000e-08	1.800000e+00	1.800000e+00	1.371212e-08	
588	5.125000e-08	1.800000e+00	1.800000e+00	1.371212e-08	
589	5.135000e-08	1.800000e+00	1.800000e+00	1.371212e-08	
590	5.145000e-08	1.800000e+00	1.800000e+00	1.371212e-08	
591	5.155000e-08	1.371212e-08	1.371212e-08	1.800000e+00	
592	5.165000e-08	1.219705e-08	1.196112e-08	1.800000e+00	
593	5.175000e-08	1.371212e-08	1.371212e-08	1.800000e+00	
594	5.185000e-08	1.371212e-08	1.371212e-08	1.800000e+00	
595	5.192500e-08	1.371212e-08	1.371212e-08	1.800000e+00	
596	5.200000e-08	1.371212e-08	1.371212e-08	1.800000e+00	
597	5.201000e-08	1.371212e-08	1.371212e-08	1.800000e+00	
598	5.203000e-08	1.371212e-08	1.371212e-08	1.800000e+00	
599	5.207000e-08	1.371212e-08	1.371212e-08	1.800000e+00	
600	5.215000e-08	1.371212e-08	1.371212e-08	1.800000e+00	
601	5.225000e-08	1.371212e-08	1.371212e-08	1.800000e+00	
602	5.235000e-08	1.371212e-08	1.371212e-08	1.800000e+00	
603	5.245000e-08	1.371212e-08	1.371212e-08	1.800000e+00	
604	5.255000e-08	1.371212e-08	1.371212e-08	1.800000e+00	
605	5.265000e-08	1.371212e-08	1.371212e-08	1.800000e+00	
606	5.275000e-08	1.371212e-08	1.371212e-08	1.800000e+00	
607	5.285000e-08	1.371212e-08	1.371212e-08	1.800000e+00	
608	5.295000e-08	1.371212e-08	1.371212e-08	1.800000e+00	
609	5.305000e-08	1.371212e-08	1.371212e-08	1.800000e+00	
610	5.315000e-08	1.371212e-08	1.371212e-08	1.800000e+00	
611	5.325000e-08	1.371212e-08	1.371212e-08	1.800000e+00	
612	5.335000e-08	1.371212e-08	1.371212e-08	1.800000e+00	
613	5.345000e-08	1.371212e-08	1.371212e-08	1.800000e+00	
614	5.355000e-08	1.371212e-08	1.371212e-08	1.800000e+00	
615	5.365000e-08	1.371212e-08	1.371212e-08	1.800000e+00	
616	5.375000e-08	1.371212e-08	1.371212e-08	1.800000e+00	
617	5.385000e-08	1.371212e-08	1.371212e-08	1.800000e+00	
618	5.395000e-08	1.371212e-08	1.371212e-08	1.800000e+00	
619	5.405000e-08	1.371212e-08	1.371212e-08	1.800000e+00	
620	5.415000e-08	1.371212e-08	1.371212e-08	1.800000e+00	
621	5.425000e-08	1.371212e-08	1.371212e-08	1.800000e+00	
622	5.435000e-08	1.371212e-08	1.371212e-08	1.800000e+00	
623	5.445000e-08	1.371212e-08	1.371212e-08	1.800000e+00	
624	5.455000e-08	1.371212e-08	1.371212e-08	1.800000e+00	
625	5.465000e-08	1.371212e-08	1.371212e-08	1.800000e+00	
626	5.475000e-08	1.371212e-08	1.371212e-08	1.800000e+00	
627	5.485000e-08	1.371212e-08	1.371212e-08	1.800000e+00	
628	5.495000e-08	1.371212e-08	1.371212e-08	1.800000e+00	
629	5.505000e-08	1.371212e-08	1.371212e-08	1.800000e+00	
630	5.515000e-08	1.371212e-08	1.371212e-08	1.800000e+00	
631	5.525000e-08	1.371212e-08	1.371212e-08	1.800000e+00	
632	5.535000e-08	1.371212e-08	1.371212e-08	1.800000e+00	
633	5.545000e-08	1.371212e-08	1.371212e-08	1.800000e+00	
634	5.555000e-08	1.371212e-08	1.371212e-08	1.800000e+00	

Index   time            v(qb1)          v(q2)           v(qb2)          
--------------------------------------------------------------------------------
635	5.565000e-08	1.371212e-08	1.371212e-08	1.800000e+00	
636	5.575000e-08	1.371212e-08	1.371212e-08	1.800000e+00	
637	5.585000e-08	1.371212e-08	1.371212e-08	1.800000e+00	
638	5.592500e-08	1.371212e-08	1.371212e-08	1.800000e+00	
639	5.600000e-08	1.371212e-08	1.371212e-08	1.800000e+00	
640	5.601000e-08	1.382431e-08	1.382431e-08	1.800000e+00	
641	5.603000e-08	1.406607e-08	1.406607e-08	1.800000e+00	
642	5.607000e-08	1.459904e-08	1.459904e-08	1.800000e+00	
643	5.615000e-08	1.594241e-08	1.594241e-08	1.800000e+00	
644	5.625000e-08	1.845862e-08	1.845862e-08	1.800000e+00	
645	5.635000e-08	2.290216e-08	2.290216e-08	1.800000e+00	
646	5.645000e-08	8.889026e-03	8.889026e-03	1.800000e+00	
647	5.655000e-08	1.728632e+00	1.728632e+00	1.800000e+00	
648	5.665000e-08	1.800000e+00	1.800000e+00	1.800000e+00	
649	5.675000e-08	1.800000e+00	1.800000e+00	1.800000e+00	
650	5.685000e-08	1.800000e+00	1.800000e+00	1.800000e+00	
651	5.692500e-08	1.800000e+00	1.800000e+00	1.800000e+00	
652	5.700000e-08	1.800000e+00	1.800000e+00	1.800000e+00	
653	5.701000e-08	1.800000e+00	1.800000e+00	1.800000e+00	
654	5.703000e-08	1.800000e+00	1.800000e+00	1.800000e+00	
655	5.707000e-08	1.800000e+00	1.800000e+00	1.800000e+00	
656	5.715000e-08	1.800000e+00	1.800000e+00	1.800000e+00	
657	5.725000e-08	1.800000e+00	1.800000e+00	1.800000e+00	
658	5.735000e-08	1.800000e+00	1.800000e+00	1.800000e+00	
659	5.745000e-08	1.800000e+00	1.800000e+00	1.800000e+00	
660	5.755000e-08	1.800000e+00	1.800000e+00	1.800000e+00	
661	5.765000e-08	1.800000e+00	1.800000e+00	1.800000e+00	
662	5.775000e-08	1.800000e+00	1.800000e+00	1.800000e+00	
663	5.785000e-08	1.800000e+00	1.800000e+00	1.800000e+00	
664	5.795000e-08	1.800000e+00	1.800000e+00	1.800000e+00	
665	5.805000e-08	1.800000e+00	1.800000e+00	1.800000e+00	
666	5.815000e-08	1.800000e+00	1.800000e+00	1.800000e+00	
667	5.825000e-08	1.800000e+00	1.800000e+00	1.800000e+00	
668	5.835000e-08	1.800000e+00	1.800000e+00	1.800000e+00	
669	5.845000e-08	1.800000e+00	1.800000e+00	1.800000e+00	
670	5.855000e-08	1.800000e+00	1.800000e+00	1.800000e+00	
671	5.865000e-08	1.800000e+00	1.800000e+00	1.800000e+00	
672	5.875000e-08	1.800000e+00	1.800000e+00	1.800000e+00	
673	5.885000e-08	1.800000e+00	1.800000e+00	1.800000e+00	
674	5.895000e-08	1.800000e+00	1.800000e+00	1.800000e+00	
675	5.905000e-08	1.800000e+00	1.800000e+00	1.800000e+00	
676	5.915000e-08	1.800000e+00	1.800000e+00	1.800000e+00	
677	5.925000e-08	1.800000e+00	1.800000e+00	1.800000e+00	
678	5.935000e-08	1.800000e+00	1.800000e+00	1.800000e+00	
679	5.945000e-08	1.800000e+00	1.800000e+00	1.800000e+00	
680	5.955000e-08	1.800000e+00	1.800000e+00	1.800000e+00	
681	5.965000e-08	1.800000e+00	1.800000e+00	1.800000e+00	
682	5.975000e-08	1.800000e+00	1.800000e+00	1.800000e+00	
683	5.985000e-08	1.800000e+00	1.800000e+00	1.800000e+00	
684	5.992500e-08	1.800000e+00	1.800000e+00	1.800000e+00	
685	6.000000e-08	1.800000e+00	1.800000e+00	1.800000e+00	
686	6.001000e-08	1.800000e+00	1.800000e+00	1.800000e+00	
687	6.003000e-08	1.800000e+00	1.800000e+00	1.800000e+00	
688	6.007000e-08	1.800000e+00	1.800000e+00	1.800000e+00	
689	6.015000e-08	1.800000e+00	1.800000e+00	1.800000e+00	
690	6.025000e-08	1.800000e+00	1.800000e+00	1.800000e+00	
691	6.035000e-08	1.800000e+00	1.800000e+00	1.800000e+00	
692	6.045000e-08	1.800000e+00	1.800000e+00	1.728632e+00	

Index   time            v(qb1)          v(q2)           v(qb2)          
--------------------------------------------------------------------------------
693	6.055000e-08	1.800000e+00	1.800000e+00	8.889041e-03	
694	6.065000e-08	1.800000e+00	1.800000e+00	2.290216e-08	
695	6.075000e-08	1.800000e+00	1.800000e+00	1.371932e-08	
696	6.085000e-08	1.800000e+00	1.800000e+00	1.594241e-08	
697	6.092500e-08	1.800000e+00	1.800000e+00	1.467126e-08	
698	6.100000e-08	1.800000e+00	1.800000e+00	1.371212e-08	
699	6.101000e-08	1.800000e+00	1.800000e+00	1.371006e-08	
700	6.103000e-08	1.800000e+00	1.800000e+00	1.371212e-08	
701	6.107000e-08	1.800000e+00	1.800000e+00	1.371212e-08	
702	6.115000e-08	1.800000e+00	1.800000e+00	1.371212e-08	
703	6.125000e-08	1.800000e+00	1.800000e+00	1.371212e-08	
704	6.135000e-08	1.800000e+00	1.800000e+00	1.371212e-08	
705	6.145000e-08	1.800000e+00	1.800000e+00	1.371212e-08	
706	6.155000e-08	1.800000e+00	1.800000e+00	1.371212e-08	
707	6.165000e-08	1.800000e+00	1.800000e+00	1.371212e-08	
708	6.175000e-08	1.800000e+00	1.800000e+00	1.371212e-08	
709	6.185000e-08	1.800000e+00	1.800000e+00	1.371212e-08	
710	6.195000e-08	1.800000e+00	1.800000e+00	1.371212e-08	
711	6.205000e-08	1.800000e+00	1.800000e+00	1.371212e-08	
712	6.215000e-08	1.800000e+00	1.800000e+00	1.371212e-08	
713	6.225000e-08	1.800000e+00	1.800000e+00	1.371212e-08	
714	6.235000e-08	1.800000e+00	1.800000e+00	1.371212e-08	
715	6.245000e-08	1.800000e+00	1.800000e+00	1.371212e-08	
716	6.255000e-08	1.800000e+00	1.800000e+00	1.371212e-08	
717	6.265000e-08	1.800000e+00	1.800000e+00	1.371212e-08	
718	6.275000e-08	1.800000e+00	1.800000e+00	1.371212e-08	
719	6.285000e-08	1.800000e+00	1.800000e+00	1.371212e-08	
720	6.295000e-08	1.800000e+00	1.800000e+00	1.371212e-08	
721	6.305000e-08	1.800000e+00	1.800000e+00	1.371212e-08	
722	6.315000e-08	1.800000e+00	1.800000e+00	1.371212e-08	
723	6.325000e-08	1.800000e+00	1.800000e+00	1.371212e-08	
724	6.335000e-08	1.800000e+00	1.800000e+00	1.371212e-08	
725	6.345000e-08	1.800000e+00	1.800000e+00	1.371212e-08	
726	6.355000e-08	1.800000e+00	1.800000e+00	1.371212e-08	
727	6.365000e-08	1.800000e+00	1.800000e+00	1.371212e-08	
728	6.375000e-08	1.800000e+00	1.800000e+00	1.371212e-08	
729	6.385000e-08	1.800000e+00	1.800000e+00	1.371212e-08	
730	6.395000e-08	1.800000e+00	1.800000e+00	1.371212e-08	
731	6.405000e-08	1.800000e+00	1.800000e+00	1.371212e-08	
732	6.415000e-08	1.800000e+00	1.800000e+00	1.371212e-08	
733	6.425000e-08	1.800000e+00	1.800000e+00	1.371212e-08	
734	6.435000e-08	1.800000e+00	1.800000e+00	1.371212e-08	
735	6.445000e-08	1.800000e+00	1.800000e+00	1.371212e-08	
736	6.455000e-08	1.800000e+00	1.800000e+00	1.371212e-08	
737	6.465000e-08	1.800000e+00	1.800000e+00	1.371212e-08	
738	6.475000e-08	1.800000e+00	1.800000e+00	1.371212e-08	
739	6.485000e-08	1.800000e+00	1.800000e+00	1.371212e-08	
740	6.495000e-08	1.800000e+00	1.800000e+00	1.371212e-08	
741	6.505000e-08	1.800000e+00	1.800000e+00	1.371212e-08	
742	6.515000e-08	1.800000e+00	1.800000e+00	1.371212e-08	
743	6.525000e-08	1.800000e+00	1.800000e+00	1.371212e-08	
744	6.535000e-08	1.800000e+00	1.800000e+00	1.371212e-08	
745	6.545000e-08	1.800000e+00	1.800000e+00	1.371212e-08	
746	6.555000e-08	1.800000e+00	1.800000e+00	1.371212e-08	
747	6.565000e-08	1.800000e+00	1.800000e+00	1.371212e-08	
748	6.575000e-08	1.800000e+00	1.800000e+00	1.371212e-08	
749	6.585000e-08	1.800000e+00	1.800000e+00	1.371212e-08	
750	6.592500e-08	1.800000e+00	1.800000e+00	1.371212e-08	

Index   time            v(qb1)          v(q2)           v(qb2)          
--------------------------------------------------------------------------------
751	6.600000e-08	1.800000e+00	1.800000e+00	1.371212e-08	
752	6.601000e-08	1.800000e+00	1.800000e+00	1.382431e-08	
753	6.603000e-08	1.800000e+00	1.800000e+00	1.406607e-08	
754	6.607000e-08	1.800000e+00	1.800000e+00	1.459904e-08	
755	6.615000e-08	1.800000e+00	1.800000e+00	1.594241e-08	
756	6.625000e-08	1.800000e+00	1.800000e+00	1.845862e-08	
757	6.635000e-08	1.800000e+00	1.800000e+00	2.290216e-08	
758	6.645000e-08	1.800000e+00	1.800000e+00	8.889026e-03	
759	6.655000e-08	1.800000e+00	1.800000e+00	1.728632e+00	
760	6.665000e-08	1.800000e+00	1.800000e+00	1.800000e+00	
761	6.675000e-08	1.800000e+00	1.800000e+00	1.800000e+00	
762	6.685000e-08	1.800000e+00	1.800000e+00	1.800000e+00	
763	6.692500e-08	1.800000e+00	1.800000e+00	1.800000e+00	
764	6.700000e-08	1.800000e+00	1.800000e+00	1.800000e+00	
765	6.701000e-08	1.800000e+00	1.800000e+00	1.800000e+00	
766	6.703000e-08	1.800000e+00	1.800000e+00	1.800000e+00	
767	6.707000e-08	1.800000e+00	1.800000e+00	1.800000e+00	
768	6.715000e-08	1.800000e+00	1.800000e+00	1.800000e+00	
769	6.725000e-08	1.800000e+00	1.800000e+00	1.800000e+00	
770	6.735000e-08	1.800000e+00	1.800000e+00	1.800000e+00	
771	6.745000e-08	1.800000e+00	1.800000e+00	1.800000e+00	
772	6.755000e-08	1.800000e+00	1.800000e+00	1.800000e+00	
773	6.765000e-08	1.800000e+00	1.800000e+00	1.800000e+00	
774	6.775000e-08	1.800000e+00	1.800000e+00	1.800000e+00	
775	6.785000e-08	1.800000e+00	1.800000e+00	1.800000e+00	
776	6.795000e-08	1.800000e+00	1.800000e+00	1.800000e+00	
777	6.805000e-08	1.800000e+00	1.800000e+00	1.800000e+00	
778	6.815000e-08	1.800000e+00	1.800000e+00	1.800000e+00	
779	6.825000e-08	1.800000e+00	1.800000e+00	1.800000e+00	
780	6.835000e-08	1.800000e+00	1.800000e+00	1.800000e+00	
781	6.845000e-08	1.800000e+00	1.800000e+00	1.800000e+00	
782	6.855000e-08	1.800000e+00	1.800000e+00	1.800000e+00	
783	6.865000e-08	1.800000e+00	1.800000e+00	1.800000e+00	
784	6.875000e-08	1.800000e+00	1.800000e+00	1.800000e+00	
785	6.885000e-08	1.800000e+00	1.800000e+00	1.800000e+00	
786	6.895000e-08	1.800000e+00	1.800000e+00	1.800000e+00	
787	6.905000e-08	1.800000e+00	1.800000e+00	1.800000e+00	
788	6.915000e-08	1.800000e+00	1.800000e+00	1.800000e+00	
789	6.925000e-08	1.800000e+00	1.800000e+00	1.800000e+00	
790	6.935000e-08	1.800000e+00	1.800000e+00	1.800000e+00	
791	6.945000e-08	1.800000e+00	1.800000e+00	1.800000e+00	
792	6.955000e-08	1.800000e+00	1.800000e+00	1.800000e+00	
793	6.965000e-08	1.800000e+00	1.800000e+00	1.800000e+00	
794	6.975000e-08	1.800000e+00	1.800000e+00	1.800000e+00	
795	6.985000e-08	1.800000e+00	1.800000e+00	1.800000e+00	
796	6.992500e-08	1.800000e+00	1.800000e+00	1.800000e+00	
797	7.000000e-08	1.800000e+00	1.800000e+00	1.800000e+00	
798	7.001000e-08	1.800000e+00	1.800000e+00	1.800000e+00	
799	7.003000e-08	1.800000e+00	1.800000e+00	1.800000e+00	
800	7.007000e-08	1.800000e+00	1.800000e+00	1.800000e+00	
801	7.015000e-08	1.800000e+00	1.800000e+00	1.800000e+00	
802	7.025000e-08	1.800000e+00	1.800000e+00	1.800000e+00	
803	7.035000e-08	1.800000e+00	1.800000e+00	1.800000e+00	
804	7.045000e-08	1.728632e+00	1.800000e+00	1.728634e+00	
805	7.055000e-08	1.800000e+00	1.800000e+00	8.889041e-03	
806	7.065000e-08	1.800000e+00	1.800000e+00	2.290216e-08	
807	7.075000e-08	1.800000e+00	1.800000e+00	1.371932e-08	
808	7.085000e-08	1.800000e+00	1.800000e+00	1.594241e-08	

Index   time            v(qb1)          v(q2)           v(qb2)          
--------------------------------------------------------------------------------
809	7.092500e-08	1.800000e+00	1.800000e+00	1.467126e-08	
810	7.100000e-08	1.800000e+00	1.800000e+00	1.371212e-08	
811	7.101000e-08	1.800000e+00	1.800000e+00	1.371006e-08	
812	7.103000e-08	1.800000e+00	1.800000e+00	1.371212e-08	
813	7.107000e-08	1.800000e+00	1.800000e+00	1.371212e-08	
814	7.115000e-08	1.800000e+00	1.800000e+00	1.371212e-08	
815	7.125000e-08	1.800000e+00	1.800000e+00	1.371212e-08	
816	7.135000e-08	1.800000e+00	1.800000e+00	1.371212e-08	
817	7.145000e-08	1.800000e+00	1.800000e+00	1.371212e-08	
818	7.155000e-08	1.371212e-08	1.371212e-08	1.800000e+00	
819	7.165000e-08	1.219705e-08	1.196112e-08	1.800000e+00	
820	7.175000e-08	1.371212e-08	1.371212e-08	1.800000e+00	
821	7.185000e-08	1.371212e-08	1.371212e-08	1.800000e+00	
822	7.192500e-08	1.371212e-08	1.371212e-08	1.800000e+00	
823	7.200000e-08	1.371212e-08	1.371212e-08	1.800000e+00	
824	7.201000e-08	1.371212e-08	1.371212e-08	1.800000e+00	
825	7.203000e-08	1.371212e-08	1.371212e-08	1.800000e+00	
826	7.207000e-08	1.371212e-08	1.371212e-08	1.800000e+00	
827	7.215000e-08	1.371212e-08	1.371212e-08	1.800000e+00	
828	7.225000e-08	1.371212e-08	1.371212e-08	1.800000e+00	
829	7.235000e-08	1.371212e-08	1.371212e-08	1.800000e+00	
830	7.245000e-08	1.371212e-08	1.371212e-08	1.800000e+00	
831	7.255000e-08	1.371212e-08	1.371212e-08	1.800000e+00	
832	7.265000e-08	1.371212e-08	1.371212e-08	1.800000e+00	
833	7.275000e-08	1.371212e-08	1.371212e-08	1.800000e+00	
834	7.285000e-08	1.371212e-08	1.371212e-08	1.800000e+00	
835	7.295000e-08	1.371212e-08	1.371212e-08	1.800000e+00	
836	7.305000e-08	1.371212e-08	1.371212e-08	1.800000e+00	
837	7.315000e-08	1.371212e-08	1.371212e-08	1.800000e+00	
838	7.325000e-08	1.371212e-08	1.371212e-08	1.800000e+00	
839	7.335000e-08	1.371212e-08	1.371212e-08	1.800000e+00	
840	7.345000e-08	1.371212e-08	1.371212e-08	1.800000e+00	
841	7.355000e-08	1.371212e-08	1.371212e-08	1.800000e+00	
842	7.365000e-08	1.371212e-08	1.371212e-08	1.800000e+00	
843	7.375000e-08	1.371212e-08	1.371212e-08	1.800000e+00	
844	7.385000e-08	1.371212e-08	1.371212e-08	1.800000e+00	
845	7.395000e-08	1.371212e-08	1.371212e-08	1.800000e+00	
846	7.405000e-08	1.371212e-08	1.371212e-08	1.800000e+00	
847	7.415000e-08	1.371212e-08	1.371212e-08	1.800000e+00	
848	7.425000e-08	1.371212e-08	1.371212e-08	1.800000e+00	
849	7.435000e-08	1.371212e-08	1.371212e-08	1.800000e+00	
850	7.445000e-08	1.371212e-08	1.371212e-08	1.800000e+00	
851	7.455000e-08	1.371212e-08	1.371212e-08	1.800000e+00	
852	7.465000e-08	1.371212e-08	1.371212e-08	1.800000e+00	
853	7.475000e-08	1.371212e-08	1.371212e-08	1.800000e+00	
854	7.485000e-08	1.371212e-08	1.371212e-08	1.800000e+00	
855	7.495000e-08	1.371212e-08	1.371212e-08	1.800000e+00	
856	7.505000e-08	1.371212e-08	1.371212e-08	1.800000e+00	
857	7.515000e-08	1.371212e-08	1.371212e-08	1.800000e+00	
858	7.525000e-08	1.371212e-08	1.371212e-08	1.800000e+00	
859	7.535000e-08	1.371212e-08	1.371212e-08	1.800000e+00	
860	7.545000e-08	1.371212e-08	1.371212e-08	1.800000e+00	
861	7.555000e-08	1.371212e-08	1.371212e-08	1.800000e+00	
862	7.565000e-08	1.371212e-08	1.371212e-08	1.800000e+00	
863	7.575000e-08	1.371212e-08	1.371212e-08	1.800000e+00	
864	7.585000e-08	1.371212e-08	1.371212e-08	1.800000e+00	
865	7.592500e-08	1.371212e-08	1.371212e-08	1.800000e+00	
866	7.600000e-08	1.371212e-08	1.371212e-08	1.800000e+00	

Index   time            v(qb1)          v(q2)           v(qb2)          
--------------------------------------------------------------------------------
867	7.601000e-08	1.382431e-08	1.382431e-08	1.800000e+00	
868	7.603000e-08	1.406607e-08	1.406607e-08	1.800000e+00	
869	7.607000e-08	1.459904e-08	1.459904e-08	1.800000e+00	
870	7.615000e-08	1.594241e-08	1.594241e-08	1.800000e+00	
871	7.625000e-08	1.845862e-08	1.845862e-08	1.800000e+00	
872	7.635000e-08	2.290216e-08	2.290216e-08	1.800000e+00	
873	7.645000e-08	8.889026e-03	8.889026e-03	1.800000e+00	
874	7.655000e-08	1.728632e+00	1.728632e+00	1.800000e+00	
875	7.665000e-08	1.800000e+00	1.800000e+00	1.800000e+00	
876	7.675000e-08	1.800000e+00	1.800000e+00	1.800000e+00	
877	7.685000e-08	1.800000e+00	1.800000e+00	1.800000e+00	
878	7.692500e-08	1.800000e+00	1.800000e+00	1.800000e+00	
879	7.700000e-08	1.800000e+00	1.800000e+00	1.800000e+00	
880	7.701000e-08	1.800000e+00	1.800000e+00	1.800000e+00	
881	7.703000e-08	1.800000e+00	1.800000e+00	1.800000e+00	
882	7.707000e-08	1.800000e+00	1.800000e+00	1.800000e+00	
883	7.715000e-08	1.800000e+00	1.800000e+00	1.800000e+00	
884	7.725000e-08	1.800000e+00	1.800000e+00	1.800000e+00	
885	7.735000e-08	1.800000e+00	1.800000e+00	1.800000e+00	
886	7.745000e-08	1.800000e+00	1.800000e+00	1.800000e+00	
887	7.755000e-08	1.800000e+00	1.800000e+00	1.800000e+00	
888	7.765000e-08	1.800000e+00	1.800000e+00	1.800000e+00	
889	7.775000e-08	1.800000e+00	1.800000e+00	1.800000e+00	
890	7.785000e-08	1.800000e+00	1.800000e+00	1.800000e+00	
891	7.795000e-08	1.800000e+00	1.800000e+00	1.800000e+00	
892	7.805000e-08	1.800000e+00	1.800000e+00	1.800000e+00	
893	7.815000e-08	1.800000e+00	1.800000e+00	1.800000e+00	
894	7.825000e-08	1.800000e+00	1.800000e+00	1.800000e+00	
895	7.835000e-08	1.800000e+00	1.800000e+00	1.800000e+00	
896	7.845000e-08	1.800000e+00	1.800000e+00	1.800000e+00	
897	7.855000e-08	1.800000e+00	1.800000e+00	1.800000e+00	
898	7.865000e-08	1.800000e+00	1.800000e+00	1.800000e+00	
899	7.875000e-08	1.800000e+00	1.800000e+00	1.800000e+00	
900	7.885000e-08	1.800000e+00	1.800000e+00	1.800000e+00	
901	7.895000e-08	1.800000e+00	1.800000e+00	1.800000e+00	
902	7.905000e-08	1.800000e+00	1.800000e+00	1.800000e+00	
903	7.915000e-08	1.800000e+00	1.800000e+00	1.800000e+00	
904	7.925000e-08	1.800000e+00	1.800000e+00	1.800000e+00	
905	7.935000e-08	1.800000e+00	1.800000e+00	1.800000e+00	
906	7.945000e-08	1.800000e+00	1.800000e+00	1.800000e+00	
907	7.955000e-08	1.800000e+00	1.800000e+00	1.800000e+00	
908	7.965000e-08	1.800000e+00	1.800000e+00	1.800000e+00	
909	7.975000e-08	1.800000e+00	1.800000e+00	1.800000e+00	
910	7.985000e-08	1.800000e+00	1.800000e+00	1.800000e+00	
911	7.992500e-08	1.800000e+00	1.800000e+00	1.800000e+00	
912	8.000000e-08	1.800000e+00	1.800000e+00	1.800000e+00	
913	8.001000e-08	1.800000e+00	1.800000e+00	1.800000e+00	
914	8.003000e-08	1.800000e+00	1.800000e+00	1.800000e+00	
915	8.007000e-08	1.800000e+00	1.800000e+00	1.800000e+00	
916	8.015000e-08	1.800000e+00	1.800000e+00	1.800000e+00	
917	8.025000e-08	1.800000e+00	1.800000e+00	1.800000e+00	
918	8.035000e-08	1.800000e+00	1.800000e+00	1.800000e+00	
919	8.045000e-08	1.800000e+00	1.800000e+00	1.728632e+00	
920	8.055000e-08	1.800000e+00	1.800000e+00	8.889041e-03	
921	8.065000e-08	1.800000e+00	1.800000e+00	2.290216e-08	
922	8.075000e-08	1.800000e+00	1.800000e+00	1.371932e-08	
923	8.085000e-08	1.800000e+00	1.800000e+00	1.594241e-08	
924	8.092500e-08	1.800000e+00	1.800000e+00	1.467126e-08	

Index   time            v(qb1)          v(q2)           v(qb2)          
--------------------------------------------------------------------------------
925	8.100000e-08	1.800000e+00	1.800000e+00	1.371212e-08	
926	8.101000e-08	1.800000e+00	1.800000e+00	1.371006e-08	
927	8.103000e-08	1.800000e+00	1.800000e+00	1.371212e-08	
928	8.107000e-08	1.800000e+00	1.800000e+00	1.371212e-08	
929	8.115000e-08	1.800000e+00	1.800000e+00	1.371212e-08	
930	8.125000e-08	1.800000e+00	1.800000e+00	1.371212e-08	
931	8.135000e-08	1.800000e+00	1.800000e+00	1.371212e-08	
932	8.145000e-08	1.800000e+00	1.800000e+00	1.371212e-08	
933	8.155000e-08	1.800000e+00	1.800000e+00	1.371212e-08	
934	8.165000e-08	1.800000e+00	1.800000e+00	1.371212e-08	
935	8.175000e-08	1.800000e+00	1.800000e+00	1.371212e-08	
936	8.185000e-08	1.800000e+00	1.800000e+00	1.371212e-08	
937	8.195000e-08	1.800000e+00	1.800000e+00	1.371212e-08	
938	8.205000e-08	1.800000e+00	1.800000e+00	1.371212e-08	
939	8.215000e-08	1.800000e+00	1.800000e+00	1.371212e-08	
940	8.225000e-08	1.800000e+00	1.800000e+00	1.371212e-08	
941	8.235000e-08	1.800000e+00	1.800000e+00	1.371212e-08	
942	8.245000e-08	1.800000e+00	1.800000e+00	1.371212e-08	
943	8.255000e-08	1.800000e+00	1.800000e+00	1.371212e-08	
944	8.265000e-08	1.800000e+00	1.800000e+00	1.371212e-08	
945	8.275000e-08	1.800000e+00	1.800000e+00	1.371212e-08	
946	8.285000e-08	1.800000e+00	1.800000e+00	1.371212e-08	
947	8.295000e-08	1.800000e+00	1.800000e+00	1.371212e-08	
948	8.305000e-08	1.800000e+00	1.800000e+00	1.371212e-08	
949	8.315000e-08	1.800000e+00	1.800000e+00	1.371212e-08	
950	8.325000e-08	1.800000e+00	1.800000e+00	1.371212e-08	
951	8.335000e-08	1.800000e+00	1.800000e+00	1.371212e-08	
952	8.345000e-08	1.800000e+00	1.800000e+00	1.371212e-08	
953	8.355000e-08	1.800000e+00	1.800000e+00	1.371212e-08	
954	8.365000e-08	1.800000e+00	1.800000e+00	1.371212e-08	
955	8.375000e-08	1.800000e+00	1.800000e+00	1.371212e-08	
956	8.385000e-08	1.800000e+00	1.800000e+00	1.371212e-08	
957	8.395000e-08	1.800000e+00	1.800000e+00	1.371212e-08	
958	8.405000e-08	1.800000e+00	1.800000e+00	1.371212e-08	
959	8.415000e-08	1.800000e+00	1.800000e+00	1.371212e-08	
960	8.425000e-08	1.800000e+00	1.800000e+00	1.371212e-08	
961	8.435000e-08	1.800000e+00	1.800000e+00	1.371212e-08	
962	8.445000e-08	1.800000e+00	1.800000e+00	1.371212e-08	
963	8.455000e-08	1.800000e+00	1.800000e+00	1.371212e-08	
964	8.465000e-08	1.800000e+00	1.800000e+00	1.371212e-08	
965	8.475000e-08	1.800000e+00	1.800000e+00	1.371212e-08	
966	8.485000e-08	1.800000e+00	1.800000e+00	1.371212e-08	
967	8.495000e-08	1.800000e+00	1.800000e+00	1.371212e-08	
968	8.505000e-08	1.800000e+00	1.800000e+00	1.371212e-08	
969	8.515000e-08	1.800000e+00	1.800000e+00	1.371212e-08	
970	8.525000e-08	1.800000e+00	1.800000e+00	1.371212e-08	
971	8.535000e-08	1.800000e+00	1.800000e+00	1.371212e-08	
972	8.545000e-08	1.800000e+00	1.800000e+00	1.371212e-08	
973	8.555000e-08	1.800000e+00	1.800000e+00	1.371212e-08	
974	8.565000e-08	1.800000e+00	1.800000e+00	1.371212e-08	
975	8.575000e-08	1.800000e+00	1.800000e+00	1.371212e-08	
976	8.585000e-08	1.800000e+00	1.800000e+00	1.371212e-08	
977	8.592500e-08	1.800000e+00	1.800000e+00	1.371212e-08	
978	8.600000e-08	1.800000e+00	1.800000e+00	1.371212e-08	
979	8.601000e-08	1.800000e+00	1.800000e+00	1.382431e-08	
980	8.603000e-08	1.800000e+00	1.800000e+00	1.406607e-08	
981	8.607000e-08	1.800000e+00	1.800000e+00	1.459904e-08	
982	8.615000e-08	1.800000e+00	1.800000e+00	1.594241e-08	

Index   time            v(qb1)          v(q2)           v(qb2)          
--------------------------------------------------------------------------------
983	8.625000e-08	1.800000e+00	1.800000e+00	1.845862e-08	
984	8.635000e-08	1.800000e+00	1.800000e+00	2.290216e-08	
985	8.645000e-08	1.800000e+00	1.800000e+00	8.889026e-03	
986	8.655000e-08	1.800000e+00	1.800000e+00	1.728632e+00	
987	8.665000e-08	1.800000e+00	1.800000e+00	1.800000e+00	
988	8.675000e-08	1.800000e+00	1.800000e+00	1.800000e+00	
989	8.685000e-08	1.800000e+00	1.800000e+00	1.800000e+00	
990	8.692500e-08	1.800000e+00	1.800000e+00	1.800000e+00	
991	8.700000e-08	1.800000e+00	1.800000e+00	1.800000e+00	
992	8.701000e-08	1.800000e+00	1.800000e+00	1.800000e+00	
993	8.703000e-08	1.800000e+00	1.800000e+00	1.800000e+00	
994	8.707000e-08	1.800000e+00	1.800000e+00	1.800000e+00	
995	8.715000e-08	1.800000e+00	1.800000e+00	1.800000e+00	
996	8.725000e-08	1.800000e+00	1.800000e+00	1.800000e+00	
997	8.735000e-08	1.800000e+00	1.800000e+00	1.800000e+00	
998	8.745000e-08	1.800000e+00	1.800000e+00	1.800000e+00	
999	8.755000e-08	1.800000e+00	1.800000e+00	1.800000e+00	
1000	8.765000e-08	1.800000e+00	1.800000e+00	1.800000e+00	
1001	8.775000e-08	1.800000e+00	1.800000e+00	1.800000e+00	
1002	8.785000e-08	1.800000e+00	1.800000e+00	1.800000e+00	
1003	8.795000e-08	1.800000e+00	1.800000e+00	1.800000e+00	
1004	8.805000e-08	1.800000e+00	1.800000e+00	1.800000e+00	
1005	8.815000e-08	1.800000e+00	1.800000e+00	1.800000e+00	
1006	8.825000e-08	1.800000e+00	1.800000e+00	1.800000e+00	
1007	8.835000e-08	1.800000e+00	1.800000e+00	1.800000e+00	
1008	8.845000e-08	1.800000e+00	1.800000e+00	1.800000e+00	
1009	8.855000e-08	1.800000e+00	1.800000e+00	1.800000e+00	
1010	8.865000e-08	1.800000e+00	1.800000e+00	1.800000e+00	
1011	8.875000e-08	1.800000e+00	1.800000e+00	1.800000e+00	
1012	8.885000e-08	1.800000e+00	1.800000e+00	1.800000e+00	
1013	8.895000e-08	1.800000e+00	1.800000e+00	1.800000e+00	
1014	8.905000e-08	1.800000e+00	1.800000e+00	1.800000e+00	
1015	8.915000e-08	1.800000e+00	1.800000e+00	1.800000e+00	
1016	8.925000e-08	1.800000e+00	1.800000e+00	1.800000e+00	
1017	8.935000e-08	1.800000e+00	1.800000e+00	1.800000e+00	
1018	8.945000e-08	1.800000e+00	1.800000e+00	1.800000e+00	
1019	8.955000e-08	1.800000e+00	1.800000e+00	1.800000e+00	
1020	8.965000e-08	1.800000e+00	1.800000e+00	1.800000e+00	
1021	8.975000e-08	1.800000e+00	1.800000e+00	1.800000e+00	
1022	8.985000e-08	1.800000e+00	1.800000e+00	1.800000e+00	
1023	8.992500e-08	1.800000e+00	1.800000e+00	1.800000e+00	
1024	9.000000e-08	1.800000e+00	1.800000e+00	1.800000e+00	
1025	9.001000e-08	1.800000e+00	1.800000e+00	1.800000e+00	
1026	9.003000e-08	1.800000e+00	1.800000e+00	1.800000e+00	
1027	9.007000e-08	1.800000e+00	1.800000e+00	1.800000e+00	
1028	9.015000e-08	1.800000e+00	1.800000e+00	1.800000e+00	
1029	9.025000e-08	1.800000e+00	1.800000e+00	1.800000e+00	
1030	9.035000e-08	1.800000e+00	1.800000e+00	1.800000e+00	
1031	9.045000e-08	1.728632e+00	1.800000e+00	1.728634e+00	
1032	9.055000e-08	1.800000e+00	1.800000e+00	8.889041e-03	
1033	9.065000e-08	1.800000e+00	1.800000e+00	2.290216e-08	
1034	9.075000e-08	1.800000e+00	1.800000e+00	1.371932e-08	
1035	9.085000e-08	1.800000e+00	1.800000e+00	1.594241e-08	
1036	9.092500e-08	1.800000e+00	1.800000e+00	1.467126e-08	
1037	9.100000e-08	1.800000e+00	1.800000e+00	1.371212e-08	
1038	9.101000e-08	1.800000e+00	1.800000e+00	1.371006e-08	
1039	9.103000e-08	1.800000e+00	1.800000e+00	1.371212e-08	
1040	9.107000e-08	1.800000e+00	1.800000e+00	1.371212e-08	

Index   time            v(qb1)          v(q2)           v(qb2)          
--------------------------------------------------------------------------------
1041	9.115000e-08	1.800000e+00	1.800000e+00	1.371212e-08	
1042	9.125000e-08	1.800000e+00	1.800000e+00	1.371212e-08	
1043	9.135000e-08	1.800000e+00	1.800000e+00	1.371212e-08	
1044	9.145000e-08	1.800000e+00	1.800000e+00	1.371212e-08	
1045	9.155000e-08	1.371212e-08	1.371212e-08	1.800000e+00	
1046	9.165000e-08	1.219705e-08	1.196112e-08	1.800000e+00	
1047	9.175000e-08	1.371212e-08	1.371212e-08	1.800000e+00	
1048	9.185000e-08	1.371212e-08	1.371212e-08	1.800000e+00	
1049	9.192500e-08	1.371212e-08	1.371212e-08	1.800000e+00	
1050	9.200000e-08	1.371212e-08	1.371212e-08	1.800000e+00	
1051	9.201000e-08	1.371212e-08	1.371212e-08	1.800000e+00	
1052	9.203000e-08	1.371212e-08	1.371212e-08	1.800000e+00	
1053	9.207000e-08	1.371212e-08	1.371212e-08	1.800000e+00	
1054	9.215000e-08	1.371212e-08	1.371212e-08	1.800000e+00	
1055	9.225000e-08	1.371212e-08	1.371212e-08	1.800000e+00	
1056	9.235000e-08	1.371212e-08	1.371212e-08	1.800000e+00	
1057	9.245000e-08	1.371212e-08	1.371212e-08	1.800000e+00	
1058	9.255000e-08	1.371212e-08	1.371212e-08	1.800000e+00	
1059	9.265000e-08	1.371212e-08	1.371212e-08	1.800000e+00	
1060	9.275000e-08	1.371212e-08	1.371212e-08	1.800000e+00	
1061	9.285000e-08	1.371212e-08	1.371212e-08	1.800000e+00	
1062	9.295000e-08	1.371212e-08	1.371212e-08	1.800000e+00	
1063	9.305000e-08	1.371212e-08	1.371212e-08	1.800000e+00	
1064	9.315000e-08	1.371212e-08	1.371212e-08	1.800000e+00	
1065	9.325000e-08	1.371212e-08	1.371212e-08	1.800000e+00	
1066	9.335000e-08	1.371212e-08	1.371212e-08	1.800000e+00	
1067	9.345000e-08	1.371212e-08	1.371212e-08	1.800000e+00	
1068	9.355000e-08	1.371212e-08	1.371212e-08	1.800000e+00	
1069	9.365000e-08	1.371212e-08	1.371212e-08	1.800000e+00	
1070	9.375000e-08	1.371212e-08	1.371212e-08	1.800000e+00	
1071	9.385000e-08	1.371212e-08	1.371212e-08	1.800000e+00	
1072	9.395000e-08	1.371212e-08	1.371212e-08	1.800000e+00	
1073	9.405000e-08	1.371212e-08	1.371212e-08	1.800000e+00	
1074	9.415000e-08	1.371212e-08	1.371212e-08	1.800000e+00	
1075	9.425000e-08	1.371212e-08	1.371212e-08	1.800000e+00	
1076	9.435000e-08	1.371212e-08	1.371212e-08	1.800000e+00	
1077	9.445000e-08	1.371212e-08	1.371212e-08	1.800000e+00	
1078	9.455000e-08	1.371212e-08	1.371212e-08	1.800000e+00	
1079	9.465000e-08	1.371212e-08	1.371212e-08	1.800000e+00	
1080	9.475000e-08	1.371212e-08	1.371212e-08	1.800000e+00	
1081	9.485000e-08	1.371212e-08	1.371212e-08	1.800000e+00	
1082	9.495000e-08	1.371212e-08	1.371212e-08	1.800000e+00	
1083	9.505000e-08	1.371212e-08	1.371212e-08	1.800000e+00	
1084	9.515000e-08	1.371212e-08	1.371212e-08	1.800000e+00	
1085	9.525000e-08	1.371212e-08	1.371212e-08	1.800000e+00	
1086	9.535000e-08	1.371212e-08	1.371212e-08	1.800000e+00	
1087	9.545000e-08	1.371212e-08	1.371212e-08	1.800000e+00	
1088	9.555000e-08	1.371212e-08	1.371212e-08	1.800000e+00	
1089	9.565000e-08	1.371212e-08	1.371212e-08	1.800000e+00	
1090	9.575000e-08	1.371212e-08	1.371212e-08	1.800000e+00	
1091	9.585000e-08	1.371212e-08	1.371212e-08	1.800000e+00	
1092	9.592500e-08	1.371212e-08	1.371212e-08	1.800000e+00	
1093	9.600000e-08	1.371212e-08	1.371212e-08	1.800000e+00	
1094	9.601000e-08	1.382431e-08	1.382431e-08	1.800000e+00	
1095	9.603000e-08	1.406607e-08	1.406607e-08	1.800000e+00	
1096	9.607000e-08	1.459904e-08	1.459904e-08	1.800000e+00	
1097	9.615000e-08	1.594241e-08	1.594241e-08	1.800000e+00	
1098	9.625000e-08	1.845862e-08	1.845862e-08	1.800000e+00	

Index   time            v(qb1)          v(q2)           v(qb2)          
--------------------------------------------------------------------------------
1099	9.635000e-08	2.290216e-08	2.290216e-08	1.800000e+00	
1100	9.645000e-08	8.889026e-03	8.889026e-03	1.800000e+00	
1101	9.655000e-08	1.728632e+00	1.728632e+00	1.800000e+00	
1102	9.665000e-08	1.800000e+00	1.800000e+00	1.800000e+00	
1103	9.675000e-08	1.800000e+00	1.800000e+00	1.800000e+00	
1104	9.685000e-08	1.800000e+00	1.800000e+00	1.800000e+00	
1105	9.692500e-08	1.800000e+00	1.800000e+00	1.800000e+00	
1106	9.700000e-08	1.800000e+00	1.800000e+00	1.800000e+00	
1107	9.701000e-08	1.800000e+00	1.800000e+00	1.800000e+00	
1108	9.703000e-08	1.800000e+00	1.800000e+00	1.800000e+00	
1109	9.707000e-08	1.800000e+00	1.800000e+00	1.800000e+00	
1110	9.715000e-08	1.800000e+00	1.800000e+00	1.800000e+00	
1111	9.725000e-08	1.800000e+00	1.800000e+00	1.800000e+00	
1112	9.735000e-08	1.800000e+00	1.800000e+00	1.800000e+00	
1113	9.745000e-08	1.800000e+00	1.800000e+00	1.800000e+00	
1114	9.755000e-08	1.800000e+00	1.800000e+00	1.800000e+00	
1115	9.765000e-08	1.800000e+00	1.800000e+00	1.800000e+00	
1116	9.775000e-08	1.800000e+00	1.800000e+00	1.800000e+00	
1117	9.785000e-08	1.800000e+00	1.800000e+00	1.800000e+00	
1118	9.795000e-08	1.800000e+00	1.800000e+00	1.800000e+00	
1119	9.805000e-08	1.800000e+00	1.800000e+00	1.800000e+00	
1120	9.815000e-08	1.800000e+00	1.800000e+00	1.800000e+00	
1121	9.825000e-08	1.800000e+00	1.800000e+00	1.800000e+00	
1122	9.835000e-08	1.800000e+00	1.800000e+00	1.800000e+00	
1123	9.845000e-08	1.800000e+00	1.800000e+00	1.800000e+00	
1124	9.855000e-08	1.800000e+00	1.800000e+00	1.800000e+00	
1125	9.865000e-08	1.800000e+00	1.800000e+00	1.800000e+00	
1126	9.875000e-08	1.800000e+00	1.800000e+00	1.800000e+00	
1127	9.885000e-08	1.800000e+00	1.800000e+00	1.800000e+00	
1128	9.895000e-08	1.800000e+00	1.800000e+00	1.800000e+00	
1129	9.905000e-08	1.800000e+00	1.800000e+00	1.800000e+00	
1130	9.915000e-08	1.800000e+00	1.800000e+00	1.800000e+00	
1131	9.925000e-08	1.800000e+00	1.800000e+00	1.800000e+00	
1132	9.935000e-08	1.800000e+00	1.800000e+00	1.800000e+00	
1133	9.945000e-08	1.800000e+00	1.800000e+00	1.800000e+00	
1134	9.955000e-08	1.800000e+00	1.800000e+00	1.800000e+00	
1135	9.965000e-08	1.800000e+00	1.800000e+00	1.800000e+00	
1136	9.975000e-08	1.800000e+00	1.800000e+00	1.800000e+00	
1137	9.985000e-08	1.800000e+00	1.800000e+00	1.800000e+00	
1138	9.992500e-08	1.800000e+00	1.800000e+00	1.800000e+00	
1139	1.000000e-07	1.800000e+00	1.800000e+00	1.800000e+00	
